1,0.022943,0.000000,0.019531,0.039062,0.000000,0.005015
1,0.018740,0.005071,0.032848,0.023907,0.000000,0.000000
0,0.005420,0.015829,0.018531,0.028043,0.000000,0.000000
1,0.022320,0.000000,0.041374,0.037324,0.003052,0.000000
1,0.036516,0.000000,0.019531,0.039062,0.000000,0.035996
2,0.007010,0.000000,0.005278,0.056300,0.000000,0.022781
1,0.030619,0.004792,0.025812,0.030583,0.000000,0.011145
1,0.056387,0.000000,0.011015,0.031634,0.044329,0.000000
1,0.038229,0.000000,0.019531,0.039062,0.000000,0.067000
1,0.039308,0.003952,0.042181,0.035450,0.023962,0.086657
2,0.043801,0.000000,0.041067,0.038519,0.000000,0.070329
1,0.038684,0.000000,0.035621,0.038171,0.012825,0.049282
1,0.037005,0.000000,0.019531,0.039062,0.000000,0.098006
1,0.043459,0.000000,0.029178,0.033744,0.000000,0.115957
2,0.065401,0.000000,0.044255,0.041833,0.036414,0.143360
2,0.032931,0.000000,0.000000,0.055490,0.009967,0.048762
1,0.024963,0.000000,0.019531,0.039062,0.000000,0.032975
1,0.008646,0.002797,0.000000,0.028732,0.006200,0.079635
0,0.034527,0.014684,0.012279,0.037712,0.007676,0.065524
0,0.050966,0.000000,0.000000,0.055234,0.000000,0.048763
1,0.025541,0.000000,0.019531,0.039062,0.000000,0.063972
0,0.000000,0.000000,0.020981,0.023007,0.000000,0.033957
1,0.024180,0.002812,0.000617,0.022824,0.022183,0.015380
2,0.016024,0.003388,0.014009,0.035878,0.000000,0.019126
1,0.022071,0.000000,0.019531,0.039062,0.000000,0.094970
0,0.034708,0.010692,0.036220,0.046075,0.000000,0.103710
1,0.008131,0.000000,0.045765,0.023131,0.000000,0.058298
1,0.025332,0.000000,0.019978,0.057817,0.045201,0.119208
1,0.024550,0.000000,0.019531,0.039062,0.000000,0.125975
2,0.022243,0.000000,0.047564,0.019966,0.000000,0.174118
0,0.034079,0.015625,0.013555,0.024388,0.037977,0.083253
1,0.003688,0.003153,0.002887,0.019483,0.000000,0.091355
1,0.025844,0.000000,0.019531,0.039062,0.000000,0.156976
2,0.029064,0.000000,0.000000,0.044034,0.000000,0.199217
2,0.001366,0.001919,0.030391,0.027117,0.000000,0.195105
2,0.039241,0.014900,0.049467,0.025003,0.000000,0.200220
1,0.027525,0.000000,0.019531,0.039062,0.000000,0.187970
0,0.039738,0.000000,0.034005,0.036335,0.000000,0.160570
1,0.038025,0.012811,0.047303,0.055244,0.008727,0.200474
2,0.000122,0.000000,0.040713,0.036492,0.021745,0.221849
1,0.026229,0.000000,0.019531,0.039062,0.000000,0.218981
2,0.051686,0.005145,0.043730,0.053047,0.000000,0.268250
0,0.026221,0.000000,0.015170,0.031507,0.014528,0.175784
1,0.036211,0.004412,0.000000,0.048628,0.000000,0.261082
1,0.024543,0.000000,0.019531,0.039062,0.000000,0.249981
0,0.000000,0.000000,0.000000,0.054881,0.033329,0.295807
2,0.015186,0.013203,0.039759,0.036814,0.040897,0.221259
1,0.000000,0.000000,0.024781,0.031733,0.042624,0.294851
1,0.025458,0.000000,0.019531,0.039062,0.000000,0.280974
2,0.037512,0.016897,0.000000,0.050905,0.020851,0.253952
1,0.006165,0.010102,0.015993,0.042435,0.000000,0.327383
1,0.004367,0.000000,0.041089,0.057516,0.012163,0.328580
1,0.024141,0.000000,0.019531,0.039062,0.000000,0.311961
2,0.047427,0.019013,0.039021,0.020439,0.005866,0.330460
1,0.000000,0.005730,0.000000,0.048911,0.000000,0.340745
1,0.000000,0.016495,0.006755,0.022640,0.000000,0.345413
1,0.024501,0.000000,0.019531,0.039062,0.000000,0.342974
1,0.007831,0.000000,0.036291,0.041683,0.008796,0.349299
0,0.046963,0.016944,0.029737,0.031167,0.025154,0.299411
2,0.028321,0.018941,0.008315,0.052516,0.000000,0.319251
1,0.026809,0.000000,0.019531,0.039062,0.000000,0.373978
0,0.004240,0.000000,0.036686,0.055859,0.000000,0.344912
2,0.019979,0.016644,0.033466,0.025015,0.031016,0.364403
1,0.018121,0.010573,0.011044,0.038346,0.026081,0.409690
1,0.024715,0.000000,0.019531,0.039062,0.000000,0.404968
2,0.050442,0.000000,0.033461,0.033549,0.033732,0.356215
2,0.054442,0.004767,0.000000,0.022420,0.039152,0.407071
2,0.046949,0.000000,0.000000,0.022899,0.039282,0.395283
1,0.025123,0.000000,0.019531,0.039062,0.000000,0.435973
1,0.001394,0.000000,0.047884,0.036905,0.000000,0.473738
2,0.010066,0.004116,0.020155,0.035631,0.000000,0.421901
0,0.040980,0.000000,0.000000,0.053546,0.000000,0.485247
1,0.025059,0.000000,0.019531,0.039062,0.000000,0.466971
1,0.025124,0.000000,0.035506,0.053656,0.019490,0.502757
1,0.023814,0.000408,0.028109,0.031087,0.000000,0.469488
0,0.027116,0.000000,0.007704,0.046472,0.000000,0.423170
1,0.023681,0.000000,0.019531,0.039062,0.000000,0.497983
2,0.031481,0.016429,0.014704,0.022749,0.000000,0.505780
2,0.000000,0.016906,0.031296,0.031881,0.000000,0.449715
1,0.048520,0.003560,0.034623,0.040432,0.000000,0.491586
1,0.024465,0.000000,0.019531,0.039062,0.000000,0.528969
1,0.052377,0.007838,0.018687,0.029950,0.048547,0.554344
1,0.037783,0.000000,0.041634,0.028660,0.022004,0.545100
0,0.047530,0.011231,0.004007,0.032116,0.004196,0.544414
1,0.025723,0.000000,0.019531,0.039062,0.000000,0.559968
0,0.013684,0.010062,0.049519,0.023396,0.000000,0.553819
1,0.026095,0.000000,0.013568,0.025250,0.016371,0.549853
0,0.026968,0.019967,0.022089,0.044084,0.000000,0.597733
1,0.024809,0.000000,0.019531,0.039062,0.000000,0.590974
1,0.017012,0.017404,0.041670,0.031080,0.048074,0.588211
1,0.015489,0.000000,0.021244,0.048018,0.000000,0.623747
0,0.030868,0.000000,0.017810,0.041559,0.032177,0.628904
1,0.025566,0.000000,0.019531,0.039062,0.000000,0.621972
1,0.045028,0.000674,0.047445,0.025420,0.027137,0.616282
1,0.001568,0.000962,0.014422,0.039817,0.028881,0.607443
0,0.002250,0.018155,0.000000,0.037104,0.035809,0.643077
1,0.024648,0.000000,0.019531,0.039062,0.000000,0.652964
1,0.044838,0.000000,0.040904,0.020143,0.009355,0.623414
1,0.008532,0.002828,0.000000,0.038607,0.000000,0.680061
1,0.016016,0.000000,0.039491,0.024337,0.032678,0.675060
1,0.022827,0.000000,0.019531,0.039062,0.000000,0.683970
1,0.039622,0.000000,0.038963,0.057157,0.003289,0.716737
0,0.050623,0.000000,0.029250,0.037769,0.037725,0.662995
2,0.045329,0.002190,0.031379,0.025467,0.015292,0.676300
1,0.025850,0.000000,0.019531,0.039062,0.000000,0.714966
1,0.002968,0.001577,0.009959,0.038503,0.000000,0.706544
2,0.043978,0.000000,0.000000,0.053899,0.025543,0.719669
2,0.000000,0.000000,0.003178,0.031432,0.000000,0.676284
1,0.022897,0.000000,0.019531,0.039062,0.000000,0.745973
2,0.000000,0.000000,0.044733,0.059056,0.044157,0.744986
1,0.048746,0.006234,0.040851,0.057442,0.000000,0.762499
1,0.043690,0.000000,0.014428,0.042122,0.000000,0.709253
1,0.024709,0.000000,0.019531,0.039062,0.000000,0.776982
0,0.028593,0.000000,0.046835,0.028368,0.000000,0.780751
2,0.030791,0.013792,0.027528,0.035100,0.000000,0.735170
2,0.015453,0.013339,0.043103,0.048561,0.034873,0.804503
1,0.024607,0.000000,0.019531,0.039062,0.000000,0.807977
1,0.035133,0.000000,0.016921,0.051920,0.009381,0.780613
0,0.019028,0.000000,0.004144,0.033130,0.000000,0.791660
2,0.046330,0.008054,0.014236,0.023854,0.000000,0.801710
1,0.024971,0.000000,0.019531,0.039062,0.000000,0.838968
1,0.006015,0.015582,0.031244,0.025990,0.000000,0.858116
0,0.051690,0.000000,0.020996,0.032778,0.000000,0.817208
1,0.038090,0.000000,0.007311,0.031937,0.040093,0.846058
1,0.026228,0.000000,0.019531,0.039062,0.000000,0.869994
1,0.016152,0.005829,0.019459,0.036870,0.000000,0.891842
2,0.038097,0.000000,0.041093,0.052171,0.048931,0.911797
2,0.016752,0.000000,0.041139,0.045693,0.002744,0.882587
1,0.023870,0.000000,0.019531,0.039062,0.000000,0.900992
0,0.016358,0.000000,0.026904,0.038933,0.000000,0.943759
1,0.004723,0.000000,0.036802,0.043939,0.000000,0.886162
0,0.003087,0.000599,0.044236,0.040148,0.003888,0.942651
1,0.024609,0.000000,0.019531,0.039062,0.000000,0.931986
1,0.016243,0.000000,0.046685,0.058712,0.004582,0.893752
2,0.041294,0.000000,0.000000,0.051872,0.000000,0.936323
2,0.029436,0.006875,0.048197,0.046413,0.042319,0.915840
1,0.025894,0.000000,0.019531,0.039062,0.000000,0.962990
0,0.021793,0.000000,0.000000,0.051214,0.027105,0.920135
1,0.026704,0.000000,0.044438,0.056209,0.045477,0.932732
0,0.044373,0.002268,0.006156,0.023586,0.000000,0.957832
1,0.025468,0.000000,0.019531,0.039062,0.000000,0.993969
0,0.027202,0.000000,0.007071,0.043552,0.000000,0.958519
0,0.033179,0.017011,0.035893,0.026724,0.000000,1.000000
1,0.043435,0.000000,0.000000,0.037550,0.000000,1.000000
1,0.024652,0.000000,0.019531,0.039062,0.000000,1.000000
1,0.051056,0.003351,0.009497,0.056626,0.000000,0.951156
0,0.034602,0.000000,0.009583,0.039303,0.000000,1.000000
1,0.024521,0.013417,0.028706,0.050960,0.000000,0.992512
1,0.023650,0.000000,0.019531,0.039062,0.000000,1.000000
1,0.046658,0.000000,0.005796,0.019505,0.000000,0.993192
2,0.021405,0.000000,0.041462,0.051839,0.000000,0.996798
1,0.032093,0.000000,0.000000,0.038369,0.021807,1.000000
1,0.025342,0.000000,0.019531,0.039062,0.000000,1.000000
1,0.031533,0.000000,0.043412,0.031960,0.000093,1.000000
0,0.032918,0.000000,0.000000,0.033913,0.000000,1.000000
1,0.048623,0.000000,0.045725,0.036672,0.000000,1.000000
1,0.025721,0.000000,0.019531,0.039062,0.000000,1.000000
1,0.025273,0.000000,0.000942,0.044976,0.020668,0.969527
2,0.000000,0.013797,0.027354,0.054657,0.000000,0.951775
0,0.013487,0.000000,0.042593,0.056440,0.000000,1.000000
1,0.025491,0.000000,0.019531,0.039062,0.000000,1.000000
1,0.037489,0.000000,0.037285,0.047020,0.000000,1.000000
0,0.020783,0.000000,0.027975,0.026645,0.010873,0.966216
2,0.004387,0.000000,0.000000,0.056693,0.000000,0.998647
1,0.025395,0.000000,0.019531,0.039062,0.000000,1.000000
0,0.023155,0.000000,0.039242,0.053369,0.037261,1.000000
2,0.038464,0.001287,0.034909,0.022230,0.049722,1.000000
2,0.021963,0.019564,0.000000,0.043631,0.000000,1.000000
1,0.025655,0.000000,0.019531,0.039062,0.000000,1.000000
1,0.040589,0.000000,0.034532,0.050815,0.029848,1.000000
0,0.024283,0.016436,0.045118,0.021983,0.000000,1.000000
2,0.001825,0.000673,0.026559,0.031406,0.032315,1.000000
1,0.024133,0.000000,0.019531,0.039062,0.000000,1.000000
1,0.012907,0.005030,0.027046,0.052491,0.000000,1.000000
1,0.023901,0.016336,0.021212,0.035185,0.015879,1.000000
0,0.045991,0.000000,0.044066,0.049665,0.000000,1.000000
1,0.023899,0.000000,0.019531,0.039062,0.000000,1.000000
1,0.024573,0.000000,0.000000,0.054753,0.034671,0.958416
0,0.000000,0.000000,0.000000,0.022301,0.031101,0.989722
2,0.008287,0.017441,0.042613,0.028541,0.000000,1.000000
1,0.023908,0.000000,0.019531,0.039062,0.000000,1.000000
1,0.029250,0.000075,0.000000,0.025716,0.038321,1.000000
0,0.010311,0.000000,0.045295,0.047383,0.031450,1.000000
0,0.007067,0.000554,0.039585,0.058407,0.000000,1.000000
1,0.024408,0.000000,0.019531,0.039062,0.000000,1.000000
1,0.038327,0.016804,0.000000,0.044626,0.018856,0.970305
0,0.000831,0.000000,0.042696,0.021994,0.000000,1.000000
2,0.000000,0.002938,0.000000,0.034820,0.000000,0.972090
1,0.024764,0.000000,0.019531,0.039062,0.000000,1.000000
2,0.000000,0.000000,0.003622,0.021378,0.037097,0.969523
0,0.037779,0.002726,0.026082,0.057794,0.000000,0.959359
0,0.042836,0.007443,0.026708,0.051399,0.031340,1.000000
1,0.026289,0.000000,0.019531,0.039062,0.000000,1.000000
1,0.041230,0.000000,0.000000,0.054684,0.000000,0.987226
1,0.002287,0.000000,0.042307,0.032798,0.000000,1.000000
2,0.012731,0.000000,0.000000,0.032021,0.000000,1.000000
1,0.025960,0.000000,0.019531,0.039062,0.000000,1.000000
1,0.052189,0.015791,0.022166,0.035047,0.038028,1.000000
2,0.012735,0.000000,0.000539,0.028279,0.033096,1.000000
2,0.029911,0.019069,0.010786,0.048392,0.021116,0.983179
1,0.024434,0.000000,0.019531,0.039062,0.000000,1.000000
2,0.002763,0.000000,0.040268,0.049517,0.000000,1.000000
0,0.033548,0.018740,0.036332,0.040700,0.000000,0.959088
1,0.031586,0.000000,0.043555,0.027498,0.000000,1.000000
1,0.023209,0.000000,0.019531,0.039062,0.000000,1.000000
1,0.040340,0.008086,0.015336,0.057286,0.029274,1.000000
0,0.043952,0.004262,0.006161,0.032552,0.027209,1.000000
1,0.040978,0.013196,0.047348,0.031703,0.000000,1.000000
1,0.025637,0.000000,0.019531,0.039062,0.000000,1.000000
2,0.017086,0.000000,0.000000,0.054369,0.044322,0.963469
1,0.035120,0.000000,0.003014,0.049746,0.000000,0.950755
2,0.051196,0.000000,0.000294,0.019616,0.000000,1.000000
1,0.023975,0.000000,0.019531,0.039062,0.000000,1.000000
0,0.020255,0.014717,0.037621,0.051031,0.000000,1.000000
2,0.026592,0.011946,0.041913,0.048521,0.049080,1.000000
0,0.017467,0.015957,0.000000,0.058073,0.005151,0.971856
1,0.023848,0.000000,0.019531,0.039062,0.000000,1.000000
1,0.023618,0.000000,0.030636,0.048634,0.030304,0.978450
0,0.028016,0.000000,0.000000,0.048226,0.000000,0.986368
2,0.001587,0.011848,0.012999,0.027766,0.004124,1.000000
1,0.025392,0.000000,0.019531,0.039062,0.000000,1.000000
2,0.011618,0.006857,0.013428,0.019304,0.000000,1.000000
1,0.044421,0.018337,0.000000,0.057517,0.001878,0.957110
1,0.021704,0.000000,0.039642,0.057816,0.037741,0.960243
1,0.024877,0.000000,0.019531,0.039062,0.000000,1.000000
0,0.003317,0.011675,0.012237,0.035678,0.000000,0.974626
0,0.015177,0.001745,0.022249,0.020108,0.000000,0.985217
1,0.022629,0.012603,0.019801,0.043864,0.000000,1.000000
1,0.026613,0.000000,0.019531,0.039062,0.000000,1.000000
0,0.025184,0.000000,0.025676,0.053127,0.048539,0.999309
2,0.048975,0.005161,0.032983,0.024923,0.000000,1.000000
2,0.004684,0.002220,0.036017,0.020047,0.036243,0.993438
1,0.025991,0.000000,0.019531,0.039062,0.000000,1.000000
2,0.036535,0.000000,0.031348,0.047899,0.000000,0.959075
1,0.013129,0.008126,0.020076,0.028731,0.041418,1.000000
1,0.024736,0.000000,0.034051,0.022648,0.016619,0.964514
1,0.024183,0.000000,0.019531,0.039062,0.000000,1.000000
0,0.024511,0.002621,0.048257,0.020592,0.021871,1.000000
0,0.042242,0.014847,0.029930,0.039504,0.049694,0.991087
2,0.011270,0.008022,0.045144,0.038535,0.014746,0.986120
1,0.025095,0.000000,0.019531,0.039062,0.000000,1.000000
0,0.038103,0.005185,0.000000,0.037313,0.000000,1.000000
1,0.007034,0.000000,0.043990,0.035024,0.034576,0.995632
0,0.028474,0.000000,0.046699,0.040054,0.005673,1.000000
1,0.022967,0.000000,0.019531,0.039062,0.000000,1.000000
1,0.000000,0.000000,0.009722,0.039348,0.049729,0.953024
1,0.006484,0.000000,0.018574,0.022723,0.015304,0.955668
1,0.000000,0.000000,0.027836,0.025443,0.000000,0.999915
1,0.025603,0.000000,0.019531,0.039062,0.000000,1.000000
1,0.031676,0.015979,0.013224,0.054451,0.000000,1.000000
2,0.005333,0.015204,0.000000,0.021944,0.002207,1.000000
2,0.020298,0.000000,0.003613,0.025942,0.021934,1.000000
1,0.024626,0.000000,0.019531,0.039062,0.000000,1.000000
1,0.019737,0.000000,0.042540,0.038699,0.000000,0.969071
2,0.005554,0.018116,0.008054,0.021407,0.000000,0.974925
0,0.016948,0.004305,0.022722,0.037328,0.000000,1.000000
1,0.024303,0.000000,0.019531,0.039062,0.000000,1.000000
1,0.022047,0.014354,0.043120,0.019923,0.022641,1.000000
0,0.009578,0.000000,0.005236,0.025292,0.000000,1.000000
1,0.002853,0.000000,0.025304,0.036968,0.044786,0.958359
1,0.024122,0.000000,0.019531,0.039062,0.000000,1.000000
1,0.000000,0.000000,0.027859,0.053342,0.047785,1.000000
2,0.020746,0.019575,0.037247,0.019524,0.000000,0.998690
1,0.000822,0.000000,0.030761,0.033837,0.000314,1.000000
1,0.023835,0.000000,0.019531,0.039062,0.000000,1.000000
0,0.017700,0.000000,0.006436,0.030752,0.049337,1.000000
2,0.045014,0.001369,0.018245,0.033842,0.000000,1.000000
1,0.037841,0.018425,0.042400,0.038201,0.000000,1.000000
1,0.025997,0.000000,0.019531,0.039062,0.000000,1.000000
1,0.050245,0.012911,0.047731,0.035339,0.000000,1.000000
0,0.052705,0.000000,0.030071,0.040696,0.000000,0.964783
2,0.016369,0.007023,0.032164,0.024947,0.000000,1.000000
1,0.023998,0.000000,0.019531,0.039062,0.000000,1.000000
1,0.052736,0.000000,0.015317,0.028114,0.040740,0.958824
0,0.053335,0.000000,0.000000,0.055881,0.019806,1.000000
1,0.000000,0.000000,0.021087,0.039481,0.006909,0.988958
1,0.024990,0.000000,0.019531,0.039062,0.000000,1.000000
0,0.012765,0.000000,0.015566,0.020973,0.026069,0.961961
2,0.000000,0.006480,0.022486,0.056551,0.000000,0.959062
2,0.025426,0.000000,0.029310,0.051739,0.024501,1.000000
1,0.026475,0.000000,0.019531,0.039062,0.000000,1.000000
1,0.029349,0.000000,0.034390,0.042145,0.000000,1.000000
2,0.041953,0.011980,0.025172,0.045510,0.000000,0.959736
2,0.002722,0.006931,0.047753,0.046643,0.000000,0.980460
1,0.026579,0.000000,0.019531,0.039062,0.000000,1.000000
2,0.002122,0.017892,0.044589,0.039183,0.029497,1.000000
2,0.033221,0.000000,0.015467,0.023389,0.049202,0.992990
0,0.050378,0.000000,0.030985,0.043110,0.000000,0.973603
1,0.024793,0.000000,0.019531,0.039062,0.000000,1.000000
0,0.045398,0.008296,0.000000,0.035332,0.000000,0.970090
0,0.024705,0.001647,0.009363,0.044182,0.000000,0.971586
1,0.010876,0.000000,0.000000,0.038042,0.000000,1.000000
1,0.025231,0.000000,0.019531,0.039062,0.000000,1.000000
1,0.038093,0.000000,0.045289,0.052860,0.000000,1.000000
2,0.039022,0.002963,0.007710,0.022368,0.035437,1.000000
1,0.017521,0.000000,0.011794,0.032499,0.000000,0.985037
1,0.026054,0.000000,0.019531,0.039062,0.000000,1.000000
0,0.018592,0.008404,0.003360,0.039910,0.020484,0.988572
2,0.012741,0.000000,0.024848,0.034436,0.041358,1.000000
1,0.000000,0.002324,0.046784,0.022137,0.000000,0.950521
1,0.027778,0.000000,0.019531,0.039062,0.000000,1.000000
2,0.009144,0.000000,0.030447,0.029835,0.009961,1.000000
1,0.052280,0.000000,0.047629,0.053030,0.035063,1.000000
0,0.049478,0.007186,0.033001,0.051728,0.023547,1.000000
1,0.023269,0.000000,0.019531,0.039062,0.000000,1.000000
1,0.037799,0.013479,0.032386,0.053814,0.000000,0.997861
2,0.002545,0.005701,0.007561,0.042817,0.000000,1.000000
1,0.047775,0.000000,0.002235,0.032203,0.018456,1.000000
1,0.025156,0.000000,0.019531,0.039062,0.000000,1.000000
1,0.000000,0.000000,0.046678,0.033520,0.021622,1.000000
0,0.029645,0.000785,0.017027,0.051215,0.000000,0.953366
2,0.041885,0.005307,0.027142,0.033089,0.000000,0.999221
1,0.026472,0.000000,0.019531,0.039062,0.000000,1.000000
1,0.050496,0.000000,0.039652,0.021840,0.016751,1.000000
0,0.039293,0.006002,0.024720,0.048267,0.000000,1.000000
2,0.051631,0.004423,0.000000,0.038838,0.028641,1.000000
1,0.026177,0.000000,0.019531,0.039062,0.000000,1.000000
2,0.021300,0.000000,0.041237,0.021033,0.011858,0.979672
2,0.045611,0.000000,0.005530,0.046985,0.032910,0.970943
0,0.054227,0.000000,0.034361,0.057199,0.028368,1.000000
1,0.026306,0.000000,0.019531,0.039062,0.000000,1.000000
2,0.026294,0.013163,0.020975,0.053110,0.030424,0.986943
0,0.000000,0.000000,0.038306,0.050490,0.000000,0.950991
2,0.016824,0.000000,0.016417,0.038145,0.000260,0.972686
1,0.024364,0.000000,0.019531,0.039062,0.000000,1.000000
2,0.042284,0.000000,0.040867,0.032230,0.000000,1.000000
1,0.053711,0.015651,0.025063,0.044907,0.000000,0.986304
0,0.004349,0.000000,0.011500,0.019318,0.000000,1.000000
1,0.023728,0.000000,0.019531,0.039062,0.000000,1.000000
0,0.016414,0.017927,0.000000,0.058581,0.010997,1.000000
2,0.013295,0.000000,0.011516,0.028371,0.043296,0.978250
2,0.043733,0.000000,0.001362,0.055030,0.041745,0.992025
1,0.025926,0.000000,0.019531,0.039062,0.000000,1.000000
1,0.029359,0.017698,0.000000,0.035437,0.000000,1.000000
0,0.032448,0.001330,0.034275,0.051116,0.010166,0.950519
1,0.041415,0.008586,0.016920,0.021114,0.041672,1.000000
1,0.024706,0.000000,0.019531,0.039062,0.162141,0.000000
0,0.009861,0.000000,0.005229,0.041708,0.169614,0.048412
2,0.019058,0.010109,0.012314,0.058235,0.138954,0.030151
0,0.028282,0.000000,0.005893,0.046078,0.126801,0.039716
1,0.026772,0.000000,0.019531,0.039062,0.000000,0.001984
0,0.008216,0.006614,0.020849,0.020520,0.031528,0.012169
2,0.000000,0.000000,0.000985,0.035777,0.038226,0.000000
1,0.023710,0.018533,0.011771,0.051558,0.000000,0.000000
1,0.025353,0.000000,0.019531,0.039062,0.011328,0.000000
2,0.019488,0.001812,0.003037,0.041109,0.011301,0.048954
0,0.048660,0.010755,0.001776,0.038697,0.000000,0.000000
0,0.004001,0.000000,0.020256,0.044865,0.000000,0.000000
0,0.010600,0.000000,0.000000,0.000000,0.000000,0.013999
0,0.007193,0.000000,0.000000,0.000000,0.000000,0.000000
0,0.006150,0.002556,0.000000,0.010382,0.000000,0.014598
0,0.012053,0.000000,0.000000,0.015522,0.000000,0.000000
0,0.006139,0.000000,0.000000,0.000000,0.011598,0.000000
0,0.008031,0.008983,0.000000,0.002377,0.000000,0.082782
1,0.010042,0.005336,0.000000,0.007670,0.000000,0.000000
0,0.011032,0.000000,0.000000,0.018996,0.000000,0.009091
0,0.006165,0.000000,0.000000,0.000000,0.000000,0.010001
1,0.005052,0.015050,0.000000,0.000000,0.000000,0.031617
0,0.003403,0.009604,0.000000,0.000000,0.000000,0.037439
0,0.006457,0.000000,0.000000,0.009025,0.000000,0.054865
0,0.005153,0.000000,0.000000,0.000000,0.000000,0.041007
0,0.001435,0.005383,0.000000,0.012177,0.000000,0.027914
0,0.002716,0.000000,0.000000,0.000000,0.000000,0.000000
0,0.006289,0.001582,0.000000,0.000000,0.000000,0.046752
0,0.004946,0.000000,0.000000,0.000000,0.009062,0.000000
0,0.000028,0.000785,0.000000,0.000000,0.000000,0.022656
0,0.006609,0.017815,0.000000,0.000000,0.000000,0.044305
0,0.003931,0.005491,0.000000,0.002326,0.000000,0.000000
0,0.005109,0.000000,0.000000,0.000000,0.066172,0.000000
0,0.004927,0.000000,0.000000,0.019180,0.000000,0.057904
0,0.000636,0.000000,0.000000,0.007849,0.000000,0.039539
1,0.000615,0.000000,0.000000,0.000000,0.000000,0.000000
0,0.005051,0.000000,0.000000,0.000000,0.024688,0.000000
0,0.002160,0.000000,0.000000,0.000000,0.000000,0.000000
0,0.007325,0.000000,0.000000,0.003347,0.000000,0.050268
0,0.005063,0.001697,0.000000,0.000000,0.000000,0.073773
0,0.005673,0.000000,0.000000,0.000000,0.018242,0.000000
1,0.008508,0.000610,0.000000,0.000000,0.000000,0.024363
1,0.002678,0.009260,0.000000,0.014539,0.000000,0.052650
0,0.001969,0.003035,0.000000,0.012302,0.000000,0.000000
0,0.005832,0.000000,0.000000,0.000000,0.020210,0.000000
1,0.010119,0.000000,0.000000,0.000000,0.000000,0.079805
1,0.009061,0.010885,0.000000,0.006393,0.000000,0.066543
0,0.005585,0.000000,0.000000,0.000000,0.000000,0.000000
0,0.005154,0.000000,0.000000,0.000000,0.002266,0.000000
1,0.006021,0.000000,0.000000,0.005976,0.000000,0.000000
1,0.007261,0.019824,0.000000,0.000000,0.000000,0.000000
0,0.000958,0.018117,0.000000,0.002748,0.000000,0.000000
0,0.004021,0.000000,0.000000,0.000000,0.002266,0.000000
1,0.002002,0.000000,0.000000,0.000000,0.000000,0.046277
1,0.004733,0.000000,0.000000,0.017218,0.000000,0.000000
1,0.000380,0.000000,0.000000,0.000000,0.000000,0.000000
0,0.005174,0.000000,0.000000,0.000000,0.002266,0.000000
0,0.000299,0.000000,0.000000,0.008915,0.000000,0.073020
0,0.005283,0.000000,0.000000,0.016054,0.000000,0.011219
0,0.008471,0.017989,0.000000,0.000053,0.000000,0.000000
0,0.005522,0.000000,0.000000,0.000000,0.000000,0.000992
0,0.002993,0.000000,0.000000,0.000000,0.000000,0.057916
0,0.001633,0.000000,0.000000,0.002407,0.000000,0.000000
0,0.005535,0.011802,0.000000,0.008292,0.000000,0.050337
0,0.004645,0.000000,0.000000,0.000000,0.000000,0.006002
0,0.001919,0.008565,0.000000,0.010256,0.000000,0.000000
0,0.007213,0.014076,0.000000,0.018738,0.000000,0.000000
0,0.009635,0.000000,0.000000,0.009470,0.000000,0.056944
0,0.005984,0.000000,0.000000,0.000000,0.043008,0.000000
0,0.007054,0.000000,0.000000,0.008268,0.000000,0.000000
0,0.005136,0.000000,0.000000,0.000000,0.000000,0.000000
1,0.004375,0.006023,0.000000,0.002456,0.000000,0.006159
0,0.005070,0.000000,0.000000,0.000000,0.035586,0.000000
0,0.004637,0.005342,0.000000,0.000000,0.000000,0.000000
1,0.003970,0.018612,0.000000,0.000000,0.000000,0.001394
1,0.002867,0.000000,0.000000,0.000000,0.000000,0.040850
0,0.004308,0.000000,0.000000,0.000000,0.066367,0.000000
1,0.007273,0.018464,0.000000,0.000000,0.000000,0.000000
1,0.007278,0.006279,0.000000,0.000000,0.000000,0.056445
0,0.008467,0.000000,0.000000,0.000000,0.000000,0.051817
0,0.004566,0.000000,0.000000,0.000000,0.031328,0.000000
0,0.009155,0.000000,0.000000,0.000000,0.000000,0.003709
0,0.004787,0.002336,0.000000,0.000000,0.000000,0.072881
0,0.003459,0.003483,0.000000,0.000000,0.000000,0.079249
0,0.004306,0.000000,0.000000,0.000000,0.011523,0.000000
0,0.005605,0.001996,0.000000,0.014885,0.000000,0.000000
0,0.008398,0.000000,0.000000,0.013954,0.000000,0.000000
0,0.005754,0.000000,0.000000,0.012685,0.000000,0.000000
0,0.005958,0.000000,0.000000,0.000000,0.018581,0.000000
0,0.003714,0.000000,0.000000,0.000000,0.000000,0.083928
0,0.007125,0.000000,0.000000,0.016601,0.000000,0.000000
0,0.010197,0.000000,0.000000,0.000000,0.000000,0.000000
0,0.004632,0.000000,0.000000,0.000000,0.016133,0.000000
0,0.006769,0.000000,0.000000,0.000000,0.000000,0.000000
1,0.005542,0.000000,0.000000,0.000000,0.000000,0.053694
1,0.001625,0.015273,0.000000,0.002938,0.000000,0.021281
0,0.004404,0.000000,0.000000,0.000000,0.031328,0.000000
1,0.002628,0.000000,0.000000,0.002923,0.000000,0.000000
1,0.000000,0.000000,0.000000,0.019270,0.000000,0.012269
0,0.003098,0.000000,0.000000,0.000000,0.000000,0.090079
0,0.004498,0.000000,0.000000,0.000000,0.051623,0.000000
0,0.000000,0.018171,0.000000,0.000000,0.000000,0.000000
0,0.005176,0.000000,0.000000,0.000000,0.000000,0.000000
0,0.004905,0.000000,0.000000,0.008411,0.000000,0.000000
0,0.005634,0.000000,0.000000,0.000000,0.035469,0.000000
0,0.006493,0.000000,0.000000,0.010564,0.000000,0.000000
1,0.000642,0.000000,0.000000,0.000000,0.000000,0.000000
0,0.003078,0.006213,0.000000,0.013630,0.000000,0.000000
0,0.003798,0.000000,0.000000,0.000000,0.031328,0.000000
0,0.001557,0.000000,0.000000,0.000000,0.000000,0.000000
0,0.002204,0.000000,0.000000,0.000000,0.000000,0.060460
1,0.006439,0.000000,0.000000,0.000000,0.000000,0.000000
0,0.003394,0.000000,0.000000,0.000000,0.013828,0.000000
1,0.001818,0.012699,0.000000,0.000000,0.000000,0.071248
0,0.003216,0.011315,0.000000,0.010506,0.000000,0.000000
0,0.005105,0.018290,0.000000,0.016208,0.000000,0.093350
0,0.004730,0.000000,0.000000,0.000000,0.000000,0.002987
0,0.008468,0.000000,0.000000,0.005940,0.000000,0.000000
1,0.001371,0.000000,0.000000,0.009504,0.000000,0.000000
1,0.009323,0.000000,0.000000,0.000000,0.000000,0.000000
0,0.004260,0.000000,0.000000,0.000000,0.000000,0.004990
0,0.001099,0.014008,0.000000,0.000000,0.000000,0.095270
0,0.002820,0.000000,0.000000,0.000000,0.000000,0.031035
1,0.007254,0.000000,0.000000,0.000000,0.000000,0.000000
0,0.004675,0.000000,0.000000,0.000000,0.000000,0.036019
0,0.004115,0.015864,0.000000,0.016402,0.000000,0.034530
0,0.004332,0.007289,0.000000,0.003882,0.000000,0.065060
0,0.005378,0.016276,0.000000,0.014233,0.000000,0.096759
0,0.004733,0.000000,0.000000,0.000000,0.011328,0.000000
0,0.001381,0.000000,0.000000,0.007278,0.000000,0.016267
1,0.008969,0.011600,0.000000,0.010822,0.000000,0.000000
1,0.005458,0.000000,0.000000,0.000000,0.000000,0.099074
0,0.003345,0.000000,0.000000,0.000000,0.027147,0.000000
1,0.001338,0.000000,0.000000,0.000000,0.000000,0.068900
0,0.007927,0.003395,0.000000,0.003286,0.000000,0.010702
0,0.000000,0.013945,0.000000,0.016600,0.000000,0.000000
0,0.004338,0.000000,0.000000,0.000000,0.080078,0.000000
0,0.005960,0.015264,0.000000,0.000000,0.000000,0.082059
0,0.008749,0.000000,0.000000,0.015039,0.000000,0.000000
0,0.003482,0.000000,0.000000,0.004439,0.000000,0.082652
0,0.004177,0.000000,0.000000,0.000000,0.039414,0.000000
0,0.001204,0.000000,0.000000,0.016439,0.000000,0.027552
0,0.000003,0.013961,0.000000,0.000000,0.000000,0.069608
0,0.005676,0.000000,0.000000,0.000000,0.000000,0.077548
0,0.004338,0.000000,0.000000,0.000000,0.088789,0.000000
1,0.000160,0.000172,0.000000,0.000000,0.000000,0.000000
0,0.004447,0.000000,0.000000,0.000000,0.000000,0.053319
0,0.000000,0.017483,0.000000,0.000000,0.000000,0.000000
0,0.006193,0.000000,0.000000,0.000000,0.046953,0.000000
1,0.002595,0.002223,0.000000,0.007686,0.000000,0.003886
0,0.005844,0.019174,0.000000,0.000000,0.000000,0.000000
0,0.007281,0.007855,0.000000,0.000498,0.000000,0.000000
0,0.006130,0.000000,0.000000,0.000000,0.051255,0.000000
1,0.006018,0.000000,0.000000,0.016458,0.000000,0.000000
1,0.001171,0.013514,0.000000,0.003721,0.000000,0.062970
0,0.003402,0.000000,0.000000,0.010700,0.000000,0.000000
0,0.003700,0.000000,0.000000,0.000000,0.051094,0.000000
0,0.002110,0.001048,0.000000,0.000000,0.000000,0.000000
0,0.001999,0.000000,0.000000,0.001745,0.000000,0.084986
0,0.004243,0.012247,0.000000,0.000000,0.000000,0.044067
0,0.003759,0.000000,0.000000,0.000000,0.022852,0.000000
1,0.006653,0.016397,0.000000,0.000000,0.000000,0.000000
0,0.001690,0.000000,0.000000,0.002385,0.000000,0.000000
1,0.006869,0.015987,0.000000,0.000000,0.000000,0.007775
0,0.004137,0.000000,0.000000,0.000000,0.000000,0.005987
0,0.000000,0.000000,0.000000,0.010812,0.000000,0.071333
0,0.001834,0.002928,0.000000,0.000000,0.000000,0.000000
1,0.003519,0.000000,0.000000,0.008990,0.000000,0.077626
0,0.004174,0.000000,0.000000,0.000000,0.000000,0.036979
0,0.000692,0.001101,0.000000,0.000000,0.000000,0.129764
0,0.008775,0.000000,0.000000,0.000000,0.000000,0.000000
0,0.007602,0.000000,0.000000,0.000000,0.000000,0.034168
0,0.006385,0.000000,0.000000,0.000000,0.081445,0.000000
0,0.010810,0.000000,0.000000,0.017878,0.000000,0.043060
0,0.007124,0.000000,0.000000,0.000000,0.000000,0.000000
0,0.009494,0.000000,0.000000,0.000000,0.000000,0.000000
0,0.004073,0.000000,0.000000,0.000000,0.025299,0.000000
0,0.008689,0.009136,0.000000,0.000000,0.000000,0.000000
0,0.008084,0.000000,0.000000,0.000000,0.000000,0.043936
1,0.002159,0.007092,0.000000,0.000000,0.000000,0.078756
0,0.004693,0.000000,0.000000,0.000000,0.058968,0.000000
1,0.007924,0.011660,0.000000,0.013908,0.000000,0.000000
1,0.004811,0.000000,0.000000,0.000000,0.000000,0.027095
0,0.008641,0.000000,0.000000,0.018231,0.000000,0.000000
0,0.004914,0.000000,0.000000,0.000000,0.043750,0.000000
1,0.006449,0.000000,0.000000,0.000000,0.000000,0.000000
0,0.009222,0.013420,0.000000,0.000000,0.000000,0.000000
0,0.007525,0.003561,0.000000,0.005741,0.000000,0.054436
0,0.004686,0.000000,0.000000,0.000000,0.066494,0.000000
0,0.003436,0.000000,0.000000,0.014374,0.000000,0.084215
1,0.005749,0.000000,0.000000,0.004435,0.000000,0.011757
0,0.008831,0.010332,0.000000,0.011332,0.000000,0.000000
0,0.005075,0.000000,0.000000,0.000000,0.051289,0.000000
1,0.008614,0.000000,0.000000,0.003518,0.000000,0.030050
0,0.001962,0.004145,0.000000,0.015656,0.000000,0.087524
1,0.001136,0.000000,0.000000,0.001540,0.000000,0.000000
0,0.005278,0.000000,0.000000,0.000000,0.031328,0.000000
0,0.003671,0.016591,0.000000,0.000000,0.000000,0.009734
0,0.010059,0.000000,0.000000,0.017277,0.000000,0.080792
0,0.008066,0.014497,0.000000,0.014022,0.000000,0.089312
0,0.005055,0.000000,0.000000,0.000000,0.000000,0.013983
1,0.005470,0.007809,0.000000,0.019846,0.000000,0.000000
0,0.004063,0.000000,0.000000,0.012838,0.000000,0.058447
0,0.009235,0.000000,0.000000,0.000000,0.000000,0.000000
0,0.003747,0.000000,0.000000,0.000000,0.000000,0.044994
0,0.008671,0.000000,0.000000,0.001193,0.000000,0.076038
0,0.005103,0.000000,0.000000,0.004823,0.000000,0.059672
1,0.001470,0.008946,0.000000,0.010417,0.000000,0.106789
0,0.003615,0.000000,0.000000,0.000000,0.048125,0.000000
0,0.004907,0.000000,0.000000,0.010701,0.000000,0.033772
1,0.001966,0.018324,0.000000,0.018368,0.000000,0.000000
0,0.007529,0.009257,0.000000,0.010360,0.000000,0.000000
0,0.005215,0.000000,0.000000,0.000000,0.151419,0.000000
0,0.008644,0.018277,0.000000,0.006688,0.000000,0.000000
1,0.008402,0.000471,0.000000,0.000000,0.000000,0.044440
0,0.006719,0.001745,0.000000,0.000000,0.000000,0.055502
0,0.004669,0.000000,0.000000,0.000000,0.075112,0.000000
0,0.005818,0.000397,0.000000,0.008085,0.000000,0.000000
0,0.005332,0.003113,0.000000,0.014463,0.000000,0.000000
0,0.009158,0.003990,0.000000,0.000000,0.000000,0.000000
0,0.005390,0.000000,0.000000,0.000000,0.118945,0.000000
1,0.006146,0.000000,0.000000,0.000000,0.000000,0.000000
0,0.008159,0.000000,0.000000,0.000000,0.000000,0.000000
0,0.003230,0.000000,0.000000,0.007658,0.000000,0.000000
0,0.004931,0.000000,0.000000,0.000000,0.018348,0.000000
0,0.001810,0.015003,0.000000,0.011756,0.000000,0.065544
0,0.007807,0.000000,0.000000,0.000000,0.000000,0.000732
1,0.008251,0.008847,0.000000,0.000000,0.000000,0.064157
0,0.005007,0.000000,0.000000,0.000000,0.000000,0.022007
0,0.009784,0.000000,0.000000,0.016833,0.000000,0.096350
0,0.007584,0.000710,0.000000,0.000000,0.000000,0.062725
0,0.009663,0.010657,0.000000,0.000000,0.000000,0.069268
0,0.005553,0.000000,0.000000,0.000000,0.000000,0.052995
1,0.006677,0.000000,0.000000,0.000000,0.000000,0.000000
0,0.008499,0.000000,0.000000,0.009041,0.000000,0.000000
0,0.004598,0.000000,0.000000,0.000000,0.000000,0.045331
0,0.005235,0.000000,0.000000,0.000000,0.000000,0.083999
1,0.000894,0.000000,0.000000,0.009095,0.000000,0.132356
1,0.007563,0.000000,0.000000,0.000000,0.000000,0.005444
0,0.001292,0.000000,0.000000,0.011987,0.000000,0.144226
0,0.005906,0.000000,0.000000,0.000000,0.000000,0.114992
1,0.006315,0.000000,0.000000,0.015807,0.000000,0.023568
1,0.001257,0.000000,0.000000,0.000000,0.000000,0.165897
1,0.002538,0.000000,0.000000,0.000000,0.000000,0.045431
0,0.005345,0.000000,0.000000,0.000000,0.000000,0.145994
1,0.007224,0.000000,0.000000,0.013722,0.000000,0.140586
0,0.008719,0.000000,0.000000,0.000000,0.000000,0.060179
0,0.008604,0.001544,0.000000,0.000000,0.000000,0.117089
0,0.005749,0.000000,0.000000,0.000000,0.000000,0.177007
1,0.006370,0.004480,0.000000,0.015779,0.000000,0.265687
0,0.010222,0.003466,0.000000,0.019356,0.000000,0.232596
1,0.008381,0.000814,0.000000,0.013049,0.000000,0.176938
0,0.006284,0.000000,0.000000,0.000000,0.000000,0.207996
0,0.004972,0.000000,0.000000,0.000000,0.000000,0.204563
0,0.008204,0.006454,0.000000,0.000000,0.000000,0.224722
1,0.010663,0.000000,0.000000,0.000000,0.000000,0.189518
1,0.017424,0.000000,0.019531,0.039062,0.000000,0.008996
1,0.000000,0.000000,0.036302,0.022827,0.000000,0.000000
2,0.021943,0.000000,0.003327,0.036510,0.000000,0.027343
1,0.040545,0.000000,0.000000,0.037687,0.030205,0.000000
1,0.024002,0.000000,0.019531,0.039062,0.000000,0.040000
1,0.034347,0.000000,0.016684,0.025315,0.000000,0.005610
1,0.028744,0.019746,0.007224,0.022402,0.000000,0.034522
0,0.021667,0.014046,0.047856,0.039486,0.046504,0.026928
1,0.026294,0.000000,0.019531,0.039062,0.000000,0.070994
1,0.026111,0.000000,0.019974,0.044216,0.001595,0.035085
2,0.039209,0.000000,0.016730,0.037147,0.000000,0.023043
1,0.001566,0.007381,0.043500,0.044677,0.000000,0.104137
1,0.024847,0.000000,0.019531,0.039062,0.000000,0.101992
0,0.013204,0.000000,0.026460,0.051807,0.009379,0.054849
2,0.044495,0.000000,0.000000,0.052812,0.000000,0.109673
2,0.003028,0.000000,0.005922,0.053399,0.000000,0.067633
1,0.024675,0.000000,0.019531,0.039062,0.000000,0.132997
1,0.016347,0.000000,0.029525,0.033689,0.000000,0.173874
2,0.048477,0.018061,0.000000,0.034381,0.024357,0.128259
0,0.033072,0.014591,0.000000,0.037291,0.000000,0.157810
1,0.024817,0.000000,0.019531,0.039062,0.000000,0.164005
1,0.051428,0.016158,0.014655,0.050934,0.000000,0.146654
0,0.036667,0.018111,0.000000,0.053744,0.000000,0.174841
0,0.010475,0.000000,0.003564,0.058518,0.000000,0.163062
1,0.025333,0.000000,0.019531,0.039062,0.000000,0.195002
0,0.038156,0.011743,0.024855,0.022786,0.007786,0.183437
2,0.028644,0.017225,0.000000,0.048021,0.023291,0.227589
0,0.048648,0.002345,0.000000,0.026502,0.031426,0.231907
1,0.026402,0.000000,0.019531,0.039062,0.000000,0.225996
1,0.039404,0.000000,0.000000,0.019971,0.000000,0.270331
0,0.045932,0.013058,0.043799,0.054216,0.000000,0.216528
2,0.039338,0.000000,0.000000,0.031100,0.022763,0.247474
1,0.024970,0.000000,0.019531,0.039062,0.000000,0.256995
2,0.054520,0.000000,0.002333,0.053545,0.040862,0.223713
0,0.049293,0.000000,0.002669,0.037842,0.000000,0.236792
1,0.000000,0.000000,0.046225,0.058827,0.000000,0.264563
1,0.026178,0.000000,0.019531,0.039062,0.000000,0.287990
2,0.000000,0.016541,0.000000,0.028427,0.000000,0.324868
1,0.037869,0.004708,0.028490,0.042167,0.000000,0.272519
2,0.006481,0.000000,0.002054,0.037556,0.000000,0.332227
1,0.026111,0.000000,0.019531,0.039062,0.000000,0.318995
0,0.022790,0.000000,0.042986,0.044969,0.000000,0.324735
0,0.052099,0.000000,0.000000,0.042567,0.004741,0.338974
2,0.000648,0.002851,0.025451,0.023633,0.000000,0.306856
1,0.024437,0.000000,0.019531,0.039062,0.000000,0.349993
1,0.005539,0.010309,0.011113,0.037285,0.000000,0.338313
1,0.000473,0.010105,0.027207,0.029552,0.019988,0.324894
0,0.020812,0.000000,0.046912,0.049768,0.000000,0.314148
1,0.024167,0.000000,0.019531,0.039062,0.000000,0.380990
1,0.040421,0.013872,0.047857,0.035509,0.000000,0.348057
1,0.009435,0.000000,0.025020,0.019907,0.000000,0.335393
0,0.009444,0.000000,0.007886,0.021767,0.030595,0.353276
1,0.025402,0.000000,0.019531,0.039062,0.000000,0.411993
1,0.029668,0.000000,0.003828,0.033725,0.000000,0.448603
2,0.029481,0.015527,0.024126,0.022930,0.000000,0.380027
2,0.024590,0.000000,0.027985,0.051409,0.000000,0.374837
1,0.025397,0.000000,0.019531,0.039062,0.000000,0.442987
0,0.000000,0.000000,0.000829,0.029244,0.012968,0.411493
2,0.015079,0.001068,0.003429,0.028208,0.024586,0.459351
2,0.017230,0.000000,0.047467,0.022935,0.006030,0.471484
1,0.026351,0.000000,0.019531,0.039062,0.000000,0.473992
1,0.022305,0.000000,0.040653,0.056614,0.000000,0.465100
0,0.005766,0.000000,0.000000,0.055883,0.046557,0.469706
2,0.048890,0.013497,0.008826,0.032509,0.000000,0.516524
1,0.023886,0.000000,0.019531,0.039062,0.000000,0.505015
1,0.000000,0.000000,0.048372,0.037111,0.000000,0.526839
0,0.012002,0.000000,0.010401,0.024334,0.004798,0.500897
0,0.053126,0.005630,0.043920,0.025734,0.000000,0.495125
1,0.026497,0.000000,0.019531,0.039062,0.000000,0.535993
2,0.037237,0.011159,0.049500,0.057399,0.000000,0.559141
2,0.034304,0.004790,0.048335,0.043972,0.000000,0.541668
1,0.043081,0.000000,0.017360,0.023442,0.039077,0.497989
1,0.023682,0.000000,0.019531,0.039062,0.000000,0.566993
1,0.051497,0.010669,0.037138,0.019110,0.000000,0.581752
1,0.007270,0.000000,0.000000,0.025467,0.000000,0.565783
0,0.027134,0.013732,0.000000,0.035223,0.000000,0.544530
1,0.024759,0.000000,0.019531,0.039062,0.000000,0.597991
2,0.036479,0.000000,0.044873,0.054760,0.000000,0.596952
0,0.025687,0.000000,0.000243,0.031752,0.031436,0.615698
1,0.044605,0.018942,0.002962,0.031292,0.000000,0.619099
1,0.024757,0.000000,0.019531,0.039062,0.000000,0.628985
0,0.036186,0.000000,0.000000,0.043041,0.024343,0.671805
2,0.019074,0.000000,0.043132,0.024895,0.000000,0.657299
0,0.000000,0.016138,0.032455,0.049966,0.000000,0.661564
1,0.023554,0.000000,0.019531,0.039062,0.000000,0.659984
0,0.052039,0.000000,0.046922,0.041328,0.002312,0.617930
0,0.014332,0.014671,0.017344,0.044600,0.021686,0.688309
2,0.000000,0.004943,0.007791,0.054432,0.000000,0.689920
1,0.025147,0.000000,0.019531,0.039062,0.000000,0.690989
2,0.002473,0.000000,0.046536,0.019705,0.000000,0.720858
0,0.026959,0.000000,0.007145,0.037957,0.014004,0.691969
2,0.023739,0.011429,0.005538,0.035850,0.029771,0.722968
2,0.038611,0.000000,0.027344,0.054688,0.000000,0.019996
1,0.055879,0.011569,0.013147,0.073718,0.009423,0.000000
3,0.056918,0.008460,0.042684,0.053448,0.014223,0.021985
1,0.036028,0.000000,0.001980,0.050469,0.000000,0.005518
2,0.035590,0.000000,0.027344,0.054688,0.000000,0.050995
1,0.027863,0.017773,0.031434,0.052969,0.040191,0.020309
1,0.033446,0.006215,0.049122,0.054366,0.000000,0.053747
3,0.044563,0.000000,0.015339,0.035830,0.000000,0.061014
2,0.037946,0.000000,0.027344,0.054688,0.000000,0.082008
1,0.060064,0.005116,0.014267,0.066708,0.000548,0.111867
1,0.032264,0.008262,0.017756,0.046860,0.004154,0.075669
2,0.016934,0.007389,0.028001,0.047238,0.009716,0.130049
2,0.037927,0.000000,0.027344,0.054688,0.000000,0.112998
3,0.054030,0.000000,0.042831,0.058328,0.000000,0.136172
2,0.027649,0.000000,0.005208,0.068850,0.035190,0.091632
3,0.008521,0.016337,0.037974,0.046169,0.026785,0.157361
2,0.037604,0.000000,0.027344,0.054688,0.000000,0.143991
2,0.027402,0.000000,0.044704,0.048969,0.000000,0.178405
2,0.060093,0.000000,0.029401,0.054572,0.012091,0.174901
2,0.011798,0.000000,0.051824,0.069549,0.000000,0.185358
2,0.037336,0.000000,0.027344,0.054688,0.000000,0.175000
3,0.037253,0.007616,0.028009,0.041906,0.000000,0.188762
1,0.050331,0.009049,0.002494,0.069177,0.000195,0.151390
2,0.049731,0.017872,0.045500,0.038823,0.000000,0.153164
2,0.035400,0.000000,0.027344,0.054688,0.000000,0.205992
2,0.059536,0.000000,0.048307,0.050739,0.049036,0.194369
2,0.022476,0.004166,0.018061,0.068903,0.002722,0.186014
3,0.018214,0.000000,0.056933,0.062392,0.013394,0.231881
2,0.039180,0.000000,0.027344,0.054688,0.000000,0.236998
2,0.045890,0.017695,0.028723,0.063819,0.042344,0.189946
2,0.030747,0.016766,0.047522,0.040659,0.000000,0.189129
1,0.014914,0.000000,0.005014,0.053671,0.018625,0.275478
2,0.036955,0.000000,0.027344,0.054688,0.000000,0.268002
2,0.044932,0.006811,0.028968,0.068740,0.039950,0.262220
2,0.028500,0.016013,0.032154,0.044084,0.018332,0.258411
3,0.045647,0.009611,0.001063,0.053522,0.032806,0.263500
2,0.036454,0.000000,0.027344,0.054688,0.000000,0.298995
1,0.059349,0.000000,0.011869,0.056870,0.000417,0.307743
3,0.047480,0.001751,0.055977,0.057877,0.038296,0.343941
2,0.016384,0.017170,0.033455,0.067133,0.004713,0.276455
2,0.038860,0.000000,0.027344,0.054688,0.000000,0.329994
3,0.019308,0.000000,0.021823,0.045927,0.000000,0.316274
2,0.027615,0.000000,0.026206,0.070529,0.033141,0.351334
3,0.047383,0.000273,0.014076,0.058714,0.000000,0.306491
2,0.036089,0.000000,0.027344,0.054688,0.000000,0.360992
2,0.043990,0.000000,0.024339,0.046431,0.000000,0.320389
2,0.055290,0.001608,0.043472,0.073825,0.004888,0.367822
1,0.020566,0.000000,0.019846,0.041904,0.000000,0.394335
2,0.038139,0.000000,0.027344,0.054688,0.000000,0.392008
1,0.060321,0.000763,0.023260,0.042350,0.000149,0.353056
3,0.021403,0.000000,0.050302,0.058989,0.029069,0.390568
1,0.039816,0.000000,0.053531,0.074102,0.039730,0.384147
2,0.037144,0.000000,0.027344,0.054688,0.000000,0.422997
2,0.046480,0.001262,0.055653,0.047966,0.029498,0.384542
2,0.056680,0.018073,0.048347,0.040379,0.039271,0.435853
3,0.062392,0.000000,0.048329,0.041973,0.000000,0.469385
2,0.038039,0.000000,0.027344,0.054688,0.000000,0.453994
2,0.048410,0.000000,0.007535,0.059671,0.000000,0.439291
1,0.056046,0.007210,0.050466,0.035915,0.006137,0.418054
3,0.050441,0.001728,0.038518,0.063500,0.000000,0.473796
2,0.036964,0.000000,0.027344,0.054688,0.013828,0.000000
2,0.007849,0.000000,0.025606,0.069114,0.050096,0.010229
1,0.016270,0.012479,0.003963,0.036843,0.013184,0.000000
3,0.045215,0.004671,0.053002,0.049097,0.056221,0.004515
2,0.036298,0.000000,0.027344,0.054688,0.151227,0.000000
2,0.051750,0.000000,0.023145,0.045863,0.169906,0.000312
2,0.050351,0.000000,0.020185,0.053466,0.181043,0.000000
3,0.034731,0.015192,0.027915,0.050237,0.102835,0.027016
2,0.039417,0.000000,0.027344,0.054688,0.064434,0.000000
2,0.028464,0.013001,0.026170,0.054782,0.015091,0.000000
1,0.011373,0.000000,0.018091,0.044605,0.055817,0.001537
1,0.069334,0.000000,0.052190,0.046869,0.076777,0.000000
2,0.037370,0.000000,0.027344,0.054688,0.320905,0.000000
3,0.035150,0.011752,0.033724,0.058911,0.341406,0.019781
3,0.049723,0.000000,0.027490,0.068189,0.352376,0.026672
2,0.037129,0.000000,0.021412,0.072216,0.274907,0.013768
2,0.037660,0.000000,0.027344,0.054688,0.043750,0.000000
3,0.022705,0.000000,0.035471,0.046184,0.051862,0.000000
1,0.062482,0.001102,0.046882,0.036731,0.062612,0.000000
3,0.019284,0.016197,0.004767,0.050345,0.062380,0.031193
2,0.034456,0.000000,0.027344,0.054688,0.071607,0.000000
3,0.052401,0.011331,0.018120,0.061255,0.053012,0.000000
2,0.033087,0.015971,0.034189,0.048416,0.063217,0.038489
2,0.013558,0.015590,0.054191,0.045411,0.048341,0.000000
2,0.036995,0.000000,0.027344,0.054688,0.024883,0.000000
2,0.015469,0.000386,0.035818,0.073027,0.004413,0.000000
3,0.010291,0.000000,0.053005,0.058273,0.072898,0.000000
3,0.022925,0.000000,0.034942,0.074047,0.042544,0.022924
2,0.038064,0.000000,0.027344,0.054688,0.000000,0.006989
3,0.042262,0.000000,0.008130,0.055221,0.040790,0.000000
3,0.029430,0.004812,0.015181,0.062353,0.022312,0.000000
2,0.058785,0.000000,0.039079,0.065990,0.004543,0.000000
2,0.037018,0.000000,0.027344,0.054688,0.000000,0.027010
3,0.017835,0.000000,0.013850,0.040153,0.000000,0.050080
2,0.043937,0.008285,0.040738,0.054205,0.028728,0.002412
1,0.023812,0.009336,0.006617,0.040178,0.000000,0.000000
2,0.036888,0.000000,0.027344,0.054688,0.000000,0.058007
2,0.030091,0.000000,0.018472,0.055363,0.047796,0.051214
1,0.023401,0.000000,0.051609,0.048424,0.000000,0.022841
1,0.017881,0.000000,0.000000,0.063292,0.000000,0.012114
2,0.037067,0.000000,0.027344,0.054688,0.000000,0.089022
3,0.040575,0.000000,0.030769,0.058731,0.038745,0.102628
3,0.021215,0.000000,0.056387,0.065103,0.003030,0.068841
3,0.065232,0.002767,0.027538,0.065164,0.004456,0.131854
2,0.038284,0.000000,0.027344,0.054688,0.000000,0.120002
1,0.043003,0.000000,0.012748,0.039502,0.038370,0.119440
1,0.056440,0.001775,0.001413,0.063439,0.007500,0.160252
1,0.031667,0.012165,0.014441,0.047886,0.005692,0.123025
2,0.039255,0.000000,0.027344,0.054688,0.000000,0.151030
2,0.048379,0.012001,0.005885,0.066642,0.023065,0.131491
2,0.030322,0.000000,0.038507,0.041186,0.011565,0.132044
2,0.011539,0.000000,0.028044,0.046463,0.021302,0.148741
2,0.037098,0.000000,0.027344,0.054688,0.000000,0.182001
1,0.009033,0.014009,0.038607,0.065005,0.000000,0.190846
3,0.018371,0.012496,0.033322,0.055245,0.016130,0.137696
2,0.057758,0.000000,0.003960,0.042140,0.049085,0.205105
2,0.039014,0.000000,0.027344,0.054688,0.000000,0.213011
2,0.068450,0.004612,0.016546,0.066996,0.000000,0.247738
2,0.026696,0.014277,0.034399,0.045874,0.000000,0.189731
2,0.025400,0.000000,0.043637,0.047368,0.013067,0.173770
2,0.038337,0.000000,0.027344,0.054688,0.000000,0.244005
1,0.032634,0.007253,0.047909,0.058192,0.000000,0.237122
2,0.035878,0.007089,0.036296,0.060718,0.000000,0.285069
3,0.062568,0.014374,0.045997,0.042902,0.024468,0.199930
2,0.036626,0.000000,0.027344,0.054688,0.000000,0.275004
3,0.029291,0.014822,0.019528,0.054943,0.020540,0.228453
3,0.012972,0.000000,0.030213,0.064131,0.038460,0.290427
3,0.039457,0.015621,0.048066,0.057553,0.034823,0.288186
3,0.079087,0.000000,0.066406,0.125000,0.000000,0.017992
2,0.061267,0.000000,0.082198,0.124826,0.016847,0.009893
3,0.088670,0.000000,0.059953,0.108582,0.007341,0.000000
3,0.104773,0.006603,0.070467,0.140747,0.000000,0.000000
3,0.087452,0.000000,0.066406,0.125000,0.000000,0.048992
4,0.073742,0.000000,0.093380,0.120232,0.000000,0.088549
4,0.093085,0.000000,0.060444,0.129138,0.000100,0.061271
3,0.066754,0.000000,0.075663,0.125173,0.019020,0.011656
3,0.089796,0.000000,0.066406,0.125000,0.044255,0.000000
4,0.094581,0.015840,0.070515,0.133502,0.060224,0.001271
3,0.108046,0.000000,0.077503,0.125893,0.036742,0.000000
3,0.082870,0.000000,0.069998,0.142523,0.034506,0.000000
3,0.084689,0.000000,0.066406,0.125000,0.020742,0.000000
2,0.089178,0.003103,0.085406,0.114577,0.040710,0.022418
3,0.065007,0.013057,0.068251,0.131499,0.000000,0.033962
3,0.074735,0.004872,0.049380,0.131830,0.000000,0.036587
3,0.087417,0.000000,0.066406,0.125000,0.023728,0.000000
4,0.099670,0.001981,0.050182,0.136486,0.003506,0.000000
4,0.080956,0.015456,0.047748,0.110345,0.043342,0.000000
4,0.076196,0.008778,0.046178,0.123049,0.049618,0.000000
3,0.086798,0.000000,0.066406,0.125000,0.005153,0.000000
2,0.087489,0.012049,0.095995,0.135053,0.008184,0.000000
2,0.068493,0.000000,0.049453,0.135770,0.000000,0.031609
2,0.110600,0.005871,0.068281,0.106723,0.031665,0.015286
3,0.088585,0.000000,0.066406,0.125000,0.005153,0.000000
3,0.062484,0.004559,0.066976,0.128188,0.000000,0.000000
4,0.085948,0.000000,0.090297,0.119640,0.017510,0.038777
3,0.108311,0.007007,0.073750,0.128050,0.000000,0.000000
3,0.087254,0.000000,0.066406,0.125000,0.002305,0.000000
3,0.066181,0.000000,0.083354,0.133450,0.034263,0.000000
4,0.116100,0.000000,0.059978,0.131364,0.047381,0.000000
2,0.095642,0.000000,0.059020,0.105929,0.000000,0.000000
3,0.086866,0.000000,0.066406,0.125000,0.000000,0.026000
2,0.082183,0.000000,0.093325,0.115294,0.000000,0.020663
4,0.075160,0.000000,0.055149,0.119489,0.049179,0.000000
3,0.080095,0.007659,0.088744,0.122867,0.000000,0.020860
3,0.086640,0.000000,0.066406,0.125000,0.000000,0.056994
3,0.101444,0.013243,0.051894,0.125210,0.041713,0.080355
2,0.072380,0.001571,0.063643,0.144405,0.000000,0.057950
4,0.101201,0.000000,0.049586,0.136265,0.000000,0.093358
3,0.087973,0.000000,0.066406,0.125000,0.000000,0.087992
2,0.108454,0.000000,0.037990,0.126274,0.000000,0.132864
3,0.109615,0.000000,0.076952,0.142460,0.000000,0.118993
4,0.101851,0.001334,0.085929,0.122619,0.000000,0.125144
3,0.088825,0.000000,0.066406,0.125000,0.000000,0.118991
3,0.068967,0.010380,0.049712,0.137258,0.022358,0.123623
4,0.072677,0.000000,0.050235,0.135387,0.000000,0.113974
3,0.064790,0.000000,0.069914,0.119706,0.024200,0.162308
3,0.086332,0.000000,0.066406,0.125000,0.000000,0.149991
4,0.063449,0.000000,0.083880,0.141301,0.025518,0.148392
4,0.102434,0.000641,0.078932,0.131065,0.008966,0.111366
3,0.078406,0.000000,0.076203,0.114427,0.000791,0.155820
3,0.085763,0.000000,0.066406,0.125000,0.000000,0.180992
3,0.073370,0.000000,0.063984,0.111528,0.003085,0.162187
2,0.066655,0.006470,0.075774,0.121082,0.000000,0.211387
4,0.107988,0.000000,0.039770,0.110493,0.000000,0.133921
3,0.088481,0.000000,0.066406,0.125000,0.000000,0.211996
4,0.068785,0.005436,0.089516,0.109993,0.000000,0.226987
3,0.065526,0.000000,0.056628,0.111384,0.000000,0.207190
2,0.080682,0.000000,0.093739,0.116009,0.000000,0.219750
3,0.085950,0.000000,0.066406,0.125000,0.000000,0.242991
3,0.115039,0.000000,0.092382,0.115027,0.019016,0.198735
2,0.090873,0.000000,0.056087,0.136563,0.000000,0.287177
4,0.104447,0.000000,0.060263,0.116942,0.028463,0.226960
3,0.088550,0.000000,0.066406,0.125000,0.000000,0.273999
3,0.111968,0.000000,0.054775,0.117887,0.045175,0.289374
3,0.096464,0.000000,0.078323,0.131134,0.045251,0.279098
2,0.087746,0.004485,0.044213,0.107153,0.000000,0.281560
3,0.088365,0.000000,0.066406,0.125000,0.006797,0.000000
4,0.080583,0.002102,0.037686,0.132799,0.029157,0.011183
4,0.066432,0.014841,0.062681,0.131319,0.000000,0.000000
3,0.117481,0.016879,0.087103,0.140969,0.051431,0.008090
3,0.088604,0.000000,0.066406,0.125000,0.005084,0.000000
2,0.081783,0.000000,0.067098,0.141239,0.005027,0.035414
3,0.109935,0.000000,0.064870,0.139833,0.000000,0.049023
2,0.105007,0.000000,0.088890,0.121329,0.000000,0.000000
3,0.086958,0.000000,0.066406,0.125000,0.002266,0.000000
3,0.077924,0.005546,0.062133,0.108193,0.000000,0.006562
2,0.110483,0.000000,0.090543,0.133942,0.000000,0.000000
4,0.106216,0.000000,0.054008,0.134014,0.045195,0.000000
3,0.088683,0.000000,0.066406,0.125000,0.004531,0.000000
4,0.068376,0.000626,0.082403,0.116354,0.042784,0.000000
3,0.097816,0.011099,0.045939,0.137538,0.020076,0.000000
4,0.073195,0.017043,0.068407,0.126725,0.014129,0.000000
3,0.087738,0.000000,0.066406,0.125000,0.096864,0.000000
3,0.070200,0.000000,0.077164,0.131222,0.054527,0.040728
3,0.082433,0.000000,0.067869,0.114670,0.131167,0.000000
3,0.091422,0.005771,0.073686,0.111268,0.106379,0.040096
3,0.085822,0.000000,0.066406,0.125000,0.011752,0.000000
2,0.071280,0.019559,0.075091,0.106087,0.000000,0.019096
3,0.087895,0.014182,0.053737,0.126569,0.008135,0.040453
4,0.086850,0.001660,0.070755,0.117868,0.005122,0.000000
3,0.087046,0.000000,0.066406,0.125000,0.000000,0.004992
4,0.109749,0.000000,0.080293,0.105991,0.000000,0.000000
3,0.110039,0.000000,0.062410,0.105399,0.020841,0.020743
2,0.086875,0.000000,0.081681,0.130942,0.000000,0.018230
3,0.087800,0.000000,0.066406,0.125000,0.033074,0.000000
2,0.115595,0.000000,0.094463,0.114803,0.000000,0.000000
3,0.102122,0.000000,0.092253,0.130548,0.000000,0.000000
3,0.102097,0.000000,0.045140,0.128900,0.000000,0.030131
3,0.087599,0.000000,0.066406,0.125000,0.002305,0.000000
3,0.076382,0.004884,0.076169,0.117495,0.000000,0.000000
4,0.100493,0.001693,0.055653,0.135680,0.037842,0.000000
4,0.079611,0.000220,0.051142,0.137964,0.013484,0.038851
3,0.088428,0.000000,0.066406,0.125000,0.027864,0.000000
4,0.069136,0.002597,0.081091,0.113592,0.012577,0.016885
3,0.067681,0.000000,0.049629,0.113364,0.000000,0.024195
4,0.114356,0.002188,0.085682,0.110415,0.007205,0.000000
3,0.088901,0.000000,0.066406,0.125000,0.003232,0.000000
4,0.086979,0.000000,0.065813,0.108246,0.019559,0.000000
2,0.079826,0.000000,0.080546,0.142143,0.021105,0.000000
2,0.069665,0.000000,0.043211,0.134637,0.027206,0.000000
3,0.087277,0.000000,0.066406,0.125000,0.002266,0.000000
3,0.107558,0.012891,0.065327,0.122105,0.000000,0.045299
2,0.070662,0.000000,0.043088,0.133822,0.000000,0.014058
4,0.105907,0.014035,0.064548,0.137127,0.000000,0.000000
3,0.087154,0.000000,0.066406,0.125000,0.000000,0.006002
4,0.103320,0.000000,0.036947,0.129120,0.000000,0.000000
3,0.109207,0.000000,0.058550,0.137482,0.000000,0.000000
3,0.111856,0.017854,0.039962,0.111097,0.030943,0.000000
3,0.087439,0.000000,0.066406,0.125000,0.015286,0.000000
4,0.092599,0.000000,0.046211,0.124722,0.028313,0.038796
2,0.089278,0.014888,0.054306,0.135006,0.000000,0.000000
4,0.074929,0.011839,0.064539,0.116302,0.032155,0.000000
3,0.088292,0.000000,0.066406,0.125000,0.067344,0.000000
3,0.104881,0.004205,0.054633,0.129097,0.083769,0.000000
2,0.075526,0.000000,0.057681,0.127370,0.077605,0.000000
4,0.076662,0.000000,0.069460,0.129250,0.103200,0.018703
3,0.087424,0.000000,0.066406,0.125000,0.013244,0.000000
2,0.066422,0.000000,0.038329,0.143973,0.000000,0.014862
2,0.080631,0.017986,0.088835,0.144974,0.021749,0.020710
3,0.066779,0.000000,0.088209,0.138922,0.003404,0.000000
3,0.085441,0.000000,0.066406,0.125000,0.031729,0.000000
2,0.111879,0.000000,0.069429,0.105493,0.017454,0.000000
2,0.063390,0.001051,0.058659,0.137173,0.039683,0.016103
3,0.077388,0.000000,0.055414,0.122203,0.035238,0.038806
3,0.085115,0.000000,0.066406,0.125000,0.002266,0.000000
3,0.074567,0.000000,0.060644,0.122721,0.000000,0.019457
3,0.077325,0.000000,0.080121,0.142759,0.019188,0.000567
2,0.077414,0.000000,0.078236,0.128802,0.004667,0.000000
3,0.086954,0.000000,0.066406,0.125000,0.000000,0.002989
2,0.058561,0.015883,0.083499,0.134866,0.000000,0.000000
4,0.091016,0.002911,0.069592,0.125612,0.017075,0.000000
3,0.086165,0.011126,0.064005,0.105236,0.045139,0.025144
3,0.087307,0.000000,0.066406,0.125000,0.000000,0.004990
4,0.090716,0.000000,0.093032,0.136021,0.021999,0.000000
3,0.098696,0.008937,0.045798,0.119073,0.000000,0.000000
2,0.104332,0.001532,0.052936,0.111546,0.000000,0.000000
3,0.087222,0.000000,0.066406,0.125000,0.011523,0.000000
3,0.086438,0.018926,0.081313,0.112033,0.000000,0.000000
4,0.068030,0.011132,0.072408,0.110002,0.029539,0.000000
2,0.065129,0.000000,0.085901,0.129563,0.001969,0.000000
3,0.087711,0.000000,0.066406,0.125000,0.047308,0.000000
2,0.113454,0.000000,0.077277,0.120390,0.082888,0.029775
4,0.059060,0.006717,0.049208,0.116912,0.000000,0.045655
3,0.109155,0.000000,0.075624,0.132159,0.027932,0.000000
3,0.089461,0.000000,0.066406,0.125000,0.002305,0.000000
3,0.110356,0.000000,0.071239,0.115757,0.045840,0.014063
3,0.106061,0.000000,0.049437,0.143108,0.000000,0.000000
4,0.077443,0.009476,0.061962,0.137038,0.020045,0.004260
3,0.087146,0.000000,0.066406,0.125000,0.000000,0.014993
2,0.067771,0.007663,0.046131,0.119967,0.046824,0.012752
3,0.079841,0.000000,0.087394,0.136050,0.040439,0.036404
3,0.101748,0.000000,0.071265,0.124530,0.013835,0.000000
3,0.087532,0.000000,0.066406,0.125000,0.000000,0.016996
4,0.106975,0.012921,0.047894,0.111173,0.000000,0.022483
4,0.086598,0.007817,0.049640,0.117841,0.016130,0.010171
4,0.064233,0.000000,0.057867,0.131156,0.000000,0.026081
3,0.089056,0.000000,0.066406,0.125000,0.000000,0.047995
4,0.062905,0.000000,0.057058,0.116794,0.003357,0.044133
4,0.082315,0.000000,0.087417,0.130899,0.000000,0.081724
2,0.068209,0.012398,0.054690,0.129577,0.000824,0.012685
3,0.088080,0.000000,0.066406,0.125000,0.000000,0.079001
4,0.088392,0.006618,0.038234,0.136369,0.005075,0.085783
4,0.082292,0.000000,0.061255,0.126625,0.047174,0.123007
2,0.086209,0.000000,0.036616,0.141850,0.000000,0.030722
3,0.086842,0.000000,0.066406,0.125000,0.028221,0.000000
2,0.058972,0.000000,0.053045,0.136951,0.077717,0.006491
4,0.110574,0.013653,0.041348,0.140222,0.004341,0.042283
2,0.096143,0.000000,0.088149,0.117965,0.077886,0.002824
3,0.087040,0.000000,0.066406,0.125000,0.027828,0.000000
2,0.114854,0.000000,0.064088,0.127645,0.000000,0.004721
2,0.086295,0.014037,0.073891,0.110910,0.071123,0.000000
2,0.089537,0.000000,0.080285,0.125231,0.023552,0.005118
3,0.087037,0.000000,0.066406,0.125000,0.024791,0.000000
4,0.062631,0.014156,0.038668,0.143636,0.000000,0.041486
2,0.089940,0.000000,0.053999,0.109604,0.000000,0.037251
2,0.064627,0.011500,0.095138,0.141297,0.063621,0.032470
3,0.085241,0.000000,0.066406,0.125000,0.002266,0.000000
2,0.110718,0.009799,0.066068,0.125625,0.047300,0.042260
2,0.103270,0.013294,0.057811,0.112808,0.000000,0.000000
4,0.113012,0.002565,0.082798,0.126841,0.000000,0.029243
3,0.087709,0.000000,0.066406,0.125000,0.024452,0.000000
4,0.092919,0.010569,0.051802,0.114049,0.012767,0.000000
2,0.077405,0.000000,0.059660,0.119855,0.054363,0.000000
4,0.082959,0.000000,0.056814,0.109158,0.059183,0.022102
3,0.086880,0.000000,0.066406,0.125000,0.002266,0.000000
4,0.102773,0.006391,0.058204,0.137250,0.007802,0.000000
3,0.103529,0.017458,0.036589,0.122375,0.032426,0.000087
2,0.068174,0.008998,0.068012,0.120375,0.039195,0.001590
3,0.086153,0.000000,0.066406,0.125000,0.000000,0.003985
2,0.057134,0.000000,0.077559,0.106745,0.000000,0.000000
4,0.085046,0.000000,0.073684,0.116564,0.024836,0.025359
3,0.105820,0.003747,0.076963,0.130063,0.007909,0.005782
3,0.088116,0.000000,0.066406,0.125000,0.017552,0.000000
4,0.065477,0.010193,0.047731,0.140308,0.000000,0.044706
2,0.086736,0.000000,0.087842,0.107288,0.024255,0.022527
2,0.072636,0.000000,0.063218,0.109589,0.000000,0.000000
3,0.088062,0.000000,0.066406,0.125000,0.002266,0.000000
4,0.116994,0.005266,0.074710,0.126819,0.000000,0.041930
2,0.103363,0.000000,0.039250,0.109676,0.000000,0.000000
3,0.084281,0.018339,0.053400,0.114563,0.000000,0.016839
3,0.089689,0.000000,0.066406,0.125000,0.006914,0.000000
4,0.078224,0.000000,0.063536,0.118091,0.000000,0.048939
4,0.066032,0.008954,0.084746,0.139041,0.017675,0.000000
2,0.063505,0.000000,0.055102,0.110931,0.000000,0.028717
3,0.091021,0.000000,0.066406,0.125000,0.000000,0.018990
3,0.104412,0.000000,0.045138,0.114169,0.000000,0.000000
3,0.105178,0.003696,0.038482,0.121854,0.005767,0.035184
4,0.106987,0.000000,0.045892,0.136356,0.031319,0.033790
3,0.089582,0.000000,0.066406,0.125000,0.006914,0.000000
4,0.116435,0.011237,0.090083,0.120968,0.008136,0.004428
4,0.099441,0.012534,0.054336,0.122678,0.000000,0.000000
2,0.061792,0.014095,0.094415,0.109138,0.010214,0.044064
3,0.088081,0.000000,0.066406,0.125000,0.022852,0.000000
2,0.069073,0.004597,0.062606,0.105997,0.000000,0.003671
4,0.076305,0.011729,0.093451,0.106209,0.010750,0.013393
3,0.059022,0.019688,0.043751,0.106109,0.000000,0.000000
3,0.090129,0.000000,0.066406,0.125000,0.011523,0.000000
4,0.077677,0.017371,0.041424,0.109769,0.000000,0.014047
2,0.085798,0.000000,0.058640,0.121419,0.041298,0.000000
2,0.065405,0.000000,0.094529,0.138137,0.000000,0.000000
3,0.091089,0.000000,0.066406,0.125000,0.028340,0.000000
4,0.065321,0.000438,0.041179,0.112753,0.000000,0.000000
3,0.079291,0.000000,0.056368,0.114618,0.000000,0.000000
2,0.112707,0.000000,0.051848,0.121950,0.012183,0.000000
3,0.090235,0.000000,0.066406,0.125000,0.000000,0.002635
2,0.062855,0.011181,0.073320,0.129724,0.041819,0.000000
3,0.094843,0.000000,0.068860,0.118408,0.013729,0.002014
3,0.063051,0.000000,0.075721,0.124585,0.026772,0.005946
3,0.090290,0.000000,0.066406,0.125000,0.000000,0.002320
2,0.093948,0.000000,0.086650,0.126428,0.048840,0.000000
3,0.071968,0.012241,0.062989,0.108884,0.000000,0.000000
4,0.111261,0.000000,0.084975,0.125581,0.000000,0.000000
3,0.087221,0.000000,0.066406,0.125000,0.000000,0.002000
4,0.106663,0.000473,0.071016,0.142840,0.028994,0.030947
4,0.106053,0.015477,0.073142,0.121211,0.000000,0.000000
3,0.061338,0.001644,0.067183,0.133063,0.011951,0.020585
3,0.088392,0.000000,0.066406,0.125000,0.155406,0.000000
3,0.111356,0.000000,0.039087,0.132022,0.174820,0.025148
3,0.093303,0.000000,0.057054,0.110755,0.179536,0.000000
4,0.081754,0.011286,0.096196,0.112644,0.153537,0.000000
3,0.089659,0.000000,0.066406,0.125000,0.313674,0.000000
4,0.094231,0.000000,0.079345,0.127162,0.354966,0.000000
2,0.104180,0.016046,0.064317,0.120322,0.351573,0.000000
2,0.117569,0.005358,0.084186,0.124769,0.310537,0.000000
3,0.085787,0.000000,0.066406,0.125000,0.057619,0.000000
2,0.065808,0.000000,0.056537,0.126943,0.015729,0.015898
3,0.056875,0.000000,0.065566,0.109031,0.098609,0.047651
4,0.078458,0.002293,0.042676,0.111987,0.096146,0.013814
3,0.087677,0.000000,0.066406,0.125000,0.000000,0.004291
3,0.088331,0.019767,0.094255,0.128694,0.000000,0.000000
3,0.091531,0.000000,0.047988,0.141339,0.041590,0.030238
4,0.103796,0.017525,0.066375,0.125923,0.000000,0.042655
3,0.087560,0.000000,0.066406,0.125000,0.179035,0.000000
4,0.110533,0.000000,0.073006,0.128865,0.169951,0.002163
4,0.115258,0.019143,0.091380,0.118650,0.197129,0.047086
3,0.068243,0.003618,0.043684,0.109911,0.145164,0.016113
3,0.086484,0.000000,0.066406,0.125000,0.089692,0.000000
4,0.115491,0.000000,0.069845,0.107968,0.085032,0.000000
4,0.080040,0.000000,0.041512,0.109505,0.080625,0.000000
2,0.077417,0.000000,0.048929,0.114759,0.124497,0.000000
3,0.087116,0.000000,0.066406,0.125000,0.283276,0.000000
3,0.099943,0.011415,0.066234,0.135262,0.280831,0.041516
2,0.073643,0.000739,0.091945,0.121838,0.292683,0.000000
4,0.078508,0.000000,0.081564,0.124471,0.286064,0.006163
3,0.088424,0.000000,0.066406,0.125000,0.020562,0.000000
3,0.109859,0.000000,0.092806,0.144868,0.043603,0.000000
3,0.099829,0.000000,0.071151,0.118892,0.028081,0.000000
4,0.090823,0.013696,0.061082,0.117205,0.000000,0.042542
3,0.089592,0.000000,0.066406,0.125000,0.000000,0.003980
4,0.082371,0.017953,0.056538,0.134506,0.027575,0.028091
2,0.108277,0.000000,0.047853,0.126583,0.002486,0.050806
3,0.111713,0.000000,0.064864,0.128718,0.000000,0.041405
3,0.088817,0.000000,0.066406,0.125000,0.000000,0.000998
3,0.079379,0.000000,0.073244,0.126637,0.000000,0.041100
2,0.063395,0.000000,0.039801,0.140559,0.018196,0.000000
4,0.074788,0.000000,0.086883,0.140843,0.010846,0.039583
3,0.087196,0.000000,0.066406,0.125000,0.028523,0.000000
3,0.085846,0.003510,0.040998,0.117561,0.064104,0.014495
3,0.114274,0.000000,0.076361,0.124958,0.030947,0.000000
2,0.089940,0.007176,0.079659,0.126135,0.050301,0.003939
3,0.086340,0.000000,0.066406,0.125000,0.000000,0.003011
2,0.113913,0.011262,0.048003,0.143650,0.000484,0.044287
3,0.088055,0.000000,0.073428,0.114568,0.034042,0.000000
2,0.069336,0.015895,0.041577,0.139568,0.011907,0.039956
3,0.085732,0.000000,0.066406,0.125000,0.008169,0.000000
4,0.081787,0.008822,0.053278,0.138308,0.038008,0.048265
4,0.112273,0.012770,0.054542,0.143850,0.000000,0.000000
2,0.089397,0.000000,0.060898,0.125171,0.000000,0.000000
3,0.088251,0.000000,0.066406,0.125000,0.000000,0.013984
4,0.071595,0.016257,0.083572,0.111430,0.000000,0.037492
2,0.070575,0.000000,0.084945,0.143327,0.029278,0.000000
3,0.105846,0.006320,0.045233,0.135426,0.000000,0.012296
3,0.087814,0.000000,0.066406,0.125000,0.000000,0.044982
2,0.093402,0.000000,0.044299,0.115542,0.048465,0.086573
2,0.088402,0.000000,0.051392,0.121206,0.027694,0.042278
3,0.116044,0.000000,0.068425,0.105421,0.034785,0.041827
3,0.086563,0.000000,0.066406,0.125000,0.000000,0.075980
3,0.102510,0.000000,0.088671,0.135391,0.000000,0.087309
3,0.112376,0.006344,0.070058,0.144592,0.028610,0.108398
4,0.097601,0.000000,0.071153,0.128204,0.012105,0.090820
3,0.086272,0.000000,0.066406,0.125000,0.000000,0.010022
2,0.113480,0.008867,0.067322,0.142381,0.000000,0.000000
2,0.084858,0.019947,0.048225,0.128929,0.041276,0.055721
3,0.089250,0.007791,0.057518,0.123612,0.000000,0.000000
3,0.087857,0.000000,0.066406,0.125000,0.014562,0.000000
2,0.094125,0.001281,0.051433,0.138033,0.012890,0.033417
4,0.077571,0.019517,0.036602,0.125485,0.000000,0.017470
4,0.077673,0.000000,0.054207,0.129630,0.031795,0.020215
3,0.085872,0.000000,0.066406,0.125000,0.000000,0.001000
4,0.091980,0.000000,0.037342,0.136828,0.035986,0.034729
2,0.056994,0.000000,0.037149,0.127515,0.000000,0.048687
3,0.095801,0.015636,0.050127,0.118975,0.000000,0.000000
3,0.082336,0.000000,0.066406,0.125000,0.000000,0.003991
3,0.095609,0.000000,0.038518,0.139540,0.043182,0.046913
2,0.080043,0.000000,0.072915,0.110877,0.047333,0.011091
2,0.084085,0.003093,0.087659,0.109530,0.000000,0.000000
3,0.085699,0.000000,0.066406,0.125000,0.015408,0.000000
4,0.098931,0.003429,0.054879,0.126117,0.000000,0.000000
2,0.100139,0.014499,0.056092,0.140230,0.000000,0.000000
4,0.085784,0.001155,0.040956,0.126202,0.005170,0.000000
3,0.089670,0.000000,0.066406,0.125000,0.022987,0.000000
4,0.089110,0.013414,0.073493,0.129859,0.015104,0.000000
4,0.072799,0.013601,0.087176,0.114749,0.067602,0.000000
3,0.099997,0.000000,0.046592,0.109140,0.029734,0.028874
3,0.086874,0.000000,0.066406,0.125000,0.000000,0.001047
2,0.072409,0.018199,0.059480,0.116261,0.033491,0.012164
3,0.098650,0.000000,0.082790,0.142499,0.000000,0.027937
2,0.112785,0.013315,0.072584,0.135718,0.000000,0.000000
3,0.086423,0.000000,0.066406,0.125000,0.000000,0.000999
3,0.094118,0.000000,0.041857,0.130538,0.013484,0.019475
4,0.082538,0.008153,0.072305,0.131612,0.047077,0.000000
3,0.107722,0.019624,0.084395,0.114818,0.031921,0.030699
3,0.085918,0.000000,0.066406,0.125000,0.002266,0.000000
3,0.076323,0.014083,0.047598,0.109581,0.000000,0.000000
3,0.110875,0.000000,0.042537,0.123721,0.000000,0.002514
2,0.072482,0.000000,0.054880,0.133934,0.035165,0.002643
3,0.089650,0.000000,0.066406,0.125000,0.002305,0.000000
4,0.108337,0.000000,0.056865,0.131037,0.015486,0.043209
4,0.085576,0.000000,0.088524,0.106351,0.000000,0.014080
3,0.069946,0.000000,0.037169,0.126169,0.000000,0.000000
3,0.087324,0.000000,0.066406,0.125000,0.008310,0.000000
4,0.097243,0.000000,0.075410,0.127612,0.000000,0.037948
3,0.080213,0.000000,0.037552,0.125233,0.016104,0.041642
2,0.066914,0.007848,0.079830,0.139489,0.000000,0.037298
3,0.086087,0.000000,0.066406,0.125000,0.013439,0.000000
2,0.081581,0.018732,0.041724,0.118859,0.035094,0.031533
4,0.076696,0.000000,0.057879,0.120044,0.000000,0.000000
2,0.091682,0.001942,0.065570,0.109801,0.027623,0.030445
3,0.086868,0.000000,0.066406,0.125000,0.000000,0.001995
3,0.087469,0.000000,0.068285,0.140298,0.000000,0.050062
3,0.098323,0.000000,0.081561,0.136687,0.000000,0.000000
3,0.109408,0.001928,0.065053,0.108917,0.000000,0.006716
3,0.087498,0.000000,0.066406,0.125000,0.000000,0.033003
2,0.061596,0.002594,0.051528,0.121745,0.028487,0.047767
2,0.083519,0.000000,0.082865,0.106279,0.000000,0.030923
4,0.103831,0.005980,0.041260,0.116391,0.046331,0.042525
3,0.088549,0.000000,0.066406,0.125000,0.000000,0.026011
4,0.059072,0.012690,0.071751,0.118379,0.025163,0.010168
4,0.105688,0.000000,0.073829,0.133112,0.017656,0.017242
4,0.077986,0.008797,0.061897,0.138075,0.003565,0.070055
3,0.086894,0.000000,0.066406,0.125000,0.000000,0.000993
4,0.100750,0.016131,0.041711,0.139249,0.000000,0.030358
2,0.066782,0.000000,0.061469,0.143637,0.000000,0.038568
2,0.063074,0.000505,0.038992,0.116451,0.020555,0.028063
3,0.087121,0.000000,0.066406,0.125000,0.003232,0.000000
3,0.078400,0.000000,0.082970,0.133308,0.000000,0.000000
3,0.088857,0.000000,0.047676,0.126553,0.004009,0.000000
2,0.061260,0.000000,0.090653,0.116419,0.045347,0.000000
3,0.088141,0.000000,0.066406,0.125000,0.028638,0.000000
2,0.066603,0.000000,0.051134,0.142162,0.034391,0.019440
4,0.111526,0.000000,0.083480,0.113380,0.076977,0.000000
2,0.087954,0.000000,0.085725,0.139729,0.069552,0.000000
3,0.086954,0.000000,0.066406,0.125000,0.039785,0.000000
3,0.115263,0.000000,0.086272,0.110855,0.075099,0.027747
2,0.057640,0.014560,0.079125,0.106235,0.025283,0.000000
4,0.063710,0.012402,0.070623,0.144169,0.033191,0.000000
3,0.088938,0.000000,0.066406,0.125000,0.000000,0.001996
3,0.095085,0.000000,0.041003,0.125937,0.000000,0.000000
3,0.080667,0.000000,0.055797,0.115786,0.000611,0.043839
4,0.073533,0.017007,0.061575,0.129573,0.046311,0.000000
3,0.088848,0.000000,0.066406,0.125000,0.000000,0.011004
3,0.084915,0.000000,0.084816,0.125151,0.000000,0.015285
3,0.117224,0.017479,0.040478,0.143216,0.006920,0.000000
2,0.087372,0.001999,0.037498,0.136123,0.013493,0.000000
3,0.085919,0.000000,0.066406,0.125000,0.005136,0.000000
2,0.085532,0.004189,0.090843,0.129967,0.000000,0.004594
4,0.101540,0.000000,0.085667,0.140633,0.018193,0.020007
4,0.077261,0.019961,0.090085,0.130332,0.000000,0.030434
3,0.085814,0.000000,0.066406,0.125000,0.000000,0.027994
4,0.103936,0.000967,0.066128,0.135035,0.000000,0.075164
2,0.069784,0.014048,0.093635,0.116380,0.027952,0.057863
4,0.089803,0.003719,0.094964,0.115658,0.000000,0.059801
3,0.087118,0.000000,0.066406,0.125000,0.002266,0.000000
4,0.108085,0.016032,0.063578,0.112398,0.015385,0.000000
4,0.112759,0.015643,0.090696,0.111172,0.000000,0.000000
2,0.095706,0.010408,0.077244,0.144002,0.006217,0.000000
3,0.084648,0.000000,0.066406,0.125000,0.000000,0.002038
3,0.068735,0.012146,0.048412,0.132257,0.039241,0.043864
3,0.069019,0.013533,0.054014,0.132979,0.000000,0.031255
2,0.092912,0.010109,0.087648,0.144744,0.039363,0.000000
3,0.087938,0.000000,0.066406,0.125000,0.004609,0.000000
4,0.061320,0.000000,0.058581,0.144304,0.000000,0.046204
2,0.110127,0.000000,0.089146,0.106788,0.000000,0.000000
4,0.089848,0.000000,0.050265,0.134723,0.048689,0.045102
3,0.084943,0.000000,0.066406,0.125000,0.002305,0.000000
2,0.096492,0.001878,0.094964,0.133316,0.020813,0.011625
4,0.087690,0.001570,0.085715,0.135273,0.000000,0.013636
4,0.062788,0.000000,0.059608,0.115162,0.000000,0.000000
3,0.091450,0.000000,0.066406,0.125000,0.005101,0.000000
4,0.063089,0.013062,0.055843,0.122682,0.051781,0.000000
3,0.111900,0.000000,0.055341,0.114098,0.000000,0.040812
3,0.120659,0.005759,0.058527,0.134868,0.051653,0.000000
3,0.089787,0.000000,0.066406,0.125000,0.004531,0.000000
4,0.065726,0.000000,0.059855,0.141068,0.000000,0.000000
3,0.107327,0.000000,0.079500,0.124516,0.000000,0.000000
4,0.078151,0.000000,0.072370,0.131429,0.000000,0.039845
3,0.088641,0.000000,0.066406,0.125000,0.000000,0.004996
3,0.115621,0.015238,0.069152,0.111400,0.047288,0.000000
2,0.089487,0.000000,0.066799,0.126639,0.000000,0.000000
2,0.068061,0.000000,0.056619,0.126632,0.002394,0.000000
3,0.084714,0.000000,0.066406,0.125000,0.045347,0.000000
2,0.098555,0.000000,0.090762,0.106425,0.003325,0.021757
3,0.074699,0.000000,0.057868,0.114176,0.086083,0.000858
4,0.092396,0.010853,0.069642,0.105161,0.069337,0.000000
3,0.087038,0.000000,0.066406,0.125000,0.003232,0.000000
4,0.067894,0.019482,0.053355,0.123025,0.012071,0.000000
2,0.105218,0.000000,0.095837,0.127026,0.012961,0.001853
3,0.064327,0.002477,0.053642,0.107300,0.000000,0.000000
3,0.086677,0.000000,0.066406,0.125000,0.000000,0.002003
4,0.112778,0.008656,0.045867,0.130793,0.042890,0.000000
4,0.110581,0.000000,0.075712,0.130353,0.005428,0.014668
4,0.091455,0.000752,0.080691,0.110613,0.024516,0.014032
3,0.087602,0.000000,0.066406,0.125000,0.002266,0.000000
4,0.094572,0.000000,0.088869,0.137840,0.041884,0.000000
3,0.066067,0.000000,0.055360,0.116154,0.000000,0.007727
3,0.073395,0.011320,0.092507,0.112528,0.000000,0.012993
3,0.086678,0.000000,0.066406,0.125000,0.000000,0.002995
2,0.063564,0.001483,0.078900,0.107042,0.000000,0.000000
3,0.063222,0.000000,0.037867,0.118893,0.000000,0.035585
4,0.081703,0.000000,0.046579,0.140899,0.000000,0.000000
3,0.088309,0.000000,0.066406,0.125000,0.000000,0.009998
2,0.099272,0.016974,0.067660,0.113372,0.000000,0.052208
3,0.080841,0.010786,0.093795,0.120462,0.023753,0.017667
3,0.118066,0.000000,0.066653,0.142481,0.000000,0.040280
3,0.088942,0.000000,0.066406,0.125000,0.009389,0.000000
2,0.093711,0.007196,0.071622,0.133396,0.032980,0.042416
3,0.090497,0.000000,0.045907,0.130645,0.000000,0.000000
2,0.065196,0.000000,0.045020,0.133516,0.000000,0.023784
3,0.086186,0.000000,0.066406,0.125000,0.000000,0.008008
4,0.099412,0.008952,0.040472,0.111719,0.017616,0.000000
4,0.090535,0.004035,0.087473,0.119225,0.000000,0.031157
4,0.078122,0.017923,0.048899,0.118350,0.000000,0.000000
3,0.086733,0.000000,0.066406,0.125000,0.023399,0.000000
4,0.074679,0.000000,0.082561,0.142953,0.051784,0.000000
4,0.059202,0.000000,0.078677,0.119841,0.000000,0.000000
2,0.099703,0.016542,0.074699,0.116835,0.019677,0.047328
3,0.087637,0.000000,0.066406,0.125000,0.008310,0.000000
4,0.071659,0.000000,0.039482,0.140511,0.000000,0.009141
3,0.112094,0.009796,0.065523,0.121499,0.000000,0.000000
4,0.064714,0.000000,0.084477,0.111813,0.031292,0.046748
3,0.088479,0.000000,0.066406,0.125000,0.000000,0.000991
3,0.090776,0.000000,0.088112,0.135375,0.025602,0.011205
3,0.074142,0.005187,0.069514,0.139603,0.032961,0.028221
3,0.068941,0.000000,0.056486,0.133372,0.000000,0.025572
3,0.089697,0.000000,0.066406,0.125000,0.002266,0.000000
3,0.064610,0.003662,0.086786,0.128610,0.014761,0.000000
3,0.073720,0.000000,0.065079,0.144069,0.000000,0.000000
2,0.072107,0.000724,0.078004,0.126806,0.000000,0.000000
3,0.089979,0.000000,0.066406,0.125000,0.002305,0.000000
3,0.108757,0.000000,0.072837,0.112925,0.037279,0.000000
2,0.108261,0.000000,0.068627,0.138349,0.022563,0.000000
4,0.076490,0.000000,0.036874,0.129829,0.028864,0.000000
3,0.089007,0.000000,0.066406,0.125000,0.015268,0.000000
3,0.090664,0.000000,0.075259,0.108423,0.026883,0.000000
4,0.075927,0.002069,0.051301,0.119062,0.024527,0.018445
3,0.089736,0.017602,0.084805,0.144831,0.000000,0.000000
3,0.087378,0.000000,0.066406,0.125000,0.009612,0.000000
4,0.112891,0.000000,0.045544,0.142938,0.044515,0.000000
3,0.107050,0.001411,0.042254,0.138794,0.042210,0.000000
3,0.075447,0.000000,0.087112,0.116910,0.030671,0.026397
3,0.087401,0.000000,0.066406,0.125000,0.000000,0.000991
2,0.093470,0.000000,0.040109,0.142630,0.046075,0.006044
2,0.074649,0.000000,0.078056,0.140381,0.021679,0.000000
2,0.093155,0.001777,0.037278,0.125708,0.008994,0.042321
3,0.086670,0.000000,0.066406,0.125000,0.060609,0.000000
2,0.063736,0.000000,0.076048,0.141585,0.011319,0.000000
2,0.075778,0.000000,0.043409,0.126972,0.051022,0.006607
3,0.094896,0.008678,0.088613,0.105316,0.019710,0.000000
3,0.086697,0.000000,0.066406,0.125000,0.031133,0.000000
2,0.109513,0.000000,0.062098,0.117279,0.066610,0.000000
2,0.081805,0.000000,0.055837,0.124684,0.028462,0.048120
3,0.106586,0.000000,0.066546,0.136896,0.052703,0.016889
3,0.089830,0.000000,0.066406,0.125000,0.007288,0.000000
2,0.080326,0.000000,0.070466,0.138877,0.000000,0.000000
4,0.104561,0.000000,0.056520,0.109414,0.000000,0.000000
3,0.061472,0.000000,0.088486,0.122416,0.053433,0.000000
3,0.088345,0.000000,0.066406,0.125000,0.002266,0.000000
2,0.110258,0.000162,0.069083,0.110280,0.015194,0.000000
3,0.061540,0.014276,0.093592,0.124897,0.000000,0.030192
3,0.066389,0.000000,0.066453,0.134426,0.045352,0.000000
3,0.088011,0.000000,0.066406,0.125000,0.005136,0.000000
4,0.093231,0.000000,0.074769,0.132839,0.002638,0.000000
4,0.082145,0.019106,0.093558,0.139102,0.051341,0.009068
2,0.103895,0.014890,0.082433,0.124331,0.041500,0.025732
3,0.085784,0.000000,0.066406,0.125000,0.000000,0.010998
2,0.055854,0.006522,0.040444,0.126209,0.000000,0.032233
2,0.068914,0.000000,0.038119,0.124146,0.000000,0.057461
4,0.065732,0.000000,0.044359,0.105636,0.044407,0.045691
3,0.086167,0.000000,0.066406,0.125000,0.046871,0.000000
3,0.092267,0.000000,0.053514,0.130682,0.019764,0.019676
3,0.088407,0.013682,0.091914,0.119762,0.080359,0.000000
2,0.070484,0.000000,0.044226,0.143290,0.095725,0.008494
3,0.085596,0.000000,0.066406,0.125000,0.006914,0.000000
3,0.061865,0.000000,0.093305,0.133061,0.055918,0.000000
4,0.100412,0.018423,0.085321,0.122255,0.050020,0.046095
4,0.066304,0.009553,0.044736,0.139692,0.000000,0.042892
3,0.089701,0.000000,0.066406,0.125000,0.003259,0.000000
3,0.100726,0.007325,0.062246,0.131514,0.020398,0.000000
3,0.071822,0.000000,0.090997,0.105209,0.000000,0.000000
2,0.104582,0.009489,0.076302,0.107835,0.006237,0.046223
3,0.088820,0.000000,0.066406,0.125000,0.013439,0.000000
2,0.092498,0.000000,0.053525,0.116900,0.000000,0.032168
4,0.070923,0.002239,0.036780,0.105086,0.053304,0.000000
4,0.064213,0.004539,0.088135,0.134353,0.000000,0.000000
3,0.137047,0.000000,0.066406,0.125000,0.000000,0.000000
4,0.113931,0.019641,0.092831,0.142326,0.000000,0.000000
2,0.162925,0.008635,0.096027,0.129360,0.000000,0.018325
3,0.163114,0.000000,0.064193,0.115164,0.000000,0.000000
3,0.086889,0.000000,0.066406,0.125000,0.214073,0.000000
2,0.073641,0.007183,0.093876,0.143600,0.234259,0.000000
4,0.070258,0.000000,0.056827,0.115939,0.181833,0.018444
4,0.101059,0.000000,0.052902,0.118245,0.181757,0.037944
3,0.086357,0.000000,0.066406,0.125000,0.019576,0.000000
2,0.075004,0.002132,0.045113,0.132525,0.032663,0.000000
4,0.056920,0.000000,0.064253,0.124905,0.048956,0.028487
4,0.058898,0.000157,0.076322,0.127334,0.055555,0.010009
3,0.085722,0.000000,0.066406,0.125000,0.000000,0.000720
4,0.072500,0.000000,0.060695,0.114810,0.000000,0.000000
4,0.099962,0.009585,0.085155,0.105148,0.041737,0.000000
3,0.115156,0.000000,0.093644,0.126740,0.001086,0.000000
3,0.087046,0.000000,0.066406,0.125000,0.036938,0.000000
2,0.067236,0.000000,0.036504,0.139504,0.007307,0.046760
4,0.070652,0.000000,0.038300,0.135525,0.047830,0.000000
2,0.061903,0.006466,0.061004,0.123538,0.056092,0.000000
3,0.088037,0.000000,0.066406,0.125000,0.008212,0.000000
2,0.071111,0.007697,0.048855,0.118246,0.000000,0.012094
4,0.115570,0.017679,0.065882,0.143699,0.017892,0.000000
4,0.063190,0.006483,0.080089,0.132193,0.020636,0.009027
3,0.089498,0.000000,0.066406,0.125000,0.000000,0.004023
4,0.091570,0.000656,0.067942,0.125246,0.029704,0.000000
2,0.083918,0.005288,0.039876,0.129337,0.015335,0.017622
4,0.088475,0.012248,0.092730,0.120053,0.000000,0.000000
3,0.088421,0.000000,0.066406,0.125000,0.000000,0.012990
3,0.070854,0.000000,0.038111,0.119038,0.000000,0.000000
3,0.095177,0.005579,0.075089,0.126412,0.000000,0.029541
4,0.100684,0.006189,0.069559,0.139861,0.043245,0.037118
3,0.087629,0.000000,0.066406,0.125000,0.045230,0.000000
4,0.101383,0.000000,0.081253,0.111237,0.086206,0.013378
3,0.071319,0.003127,0.067452,0.139537,0.013778,0.018666
2,0.102924,0.000000,0.061014,0.128112,0.093244,0.000000
3,0.089010,0.000000,0.066406,0.125000,0.032165,0.000000
4,0.100569,0.006109,0.047690,0.141090,0.009337,0.000000
4,0.087652,0.011574,0.075972,0.125402,0.037700,0.000000
2,0.111658,0.017867,0.072646,0.139237,0.000000,0.035614
3,0.087801,0.000000,0.066406,0.125000,0.000000,0.004997
2,0.093468,0.000444,0.070429,0.129162,0.003871,0.000000
2,0.114263,0.001868,0.046193,0.115123,0.049607,0.039751
3,0.083461,0.015368,0.067023,0.114449,0.000000,0.000392
3,0.088987,0.000000,0.066406,0.125000,0.000000,0.022252
2,0.108461,0.016529,0.073116,0.127512,0.000000,0.000000
4,0.097828,0.000000,0.091437,0.131479,0.000000,0.000000
3,0.113186,0.000000,0.054124,0.128919,0.043007,0.000000
3,0.087031,0.000000,0.066406,0.125000,0.000000,0.005996
4,0.074094,0.004914,0.059300,0.134683,0.000000,0.000000
3,0.095317,0.000000,0.069211,0.134470,0.030143,0.030611
3,0.070077,0.008885,0.095903,0.133254,0.019903,0.010896
3,0.088829,0.000000,0.066406,0.125000,0.009102,0.000000
2,0.086871,0.002133,0.053940,0.105955,0.000000,0.000000
3,0.089075,0.000000,0.045379,0.141595,0.041288,0.000000
2,0.108471,0.000000,0.074187,0.112587,0.056302,0.000000
3,0.088001,0.000000,0.066406,0.125000,0.002305,0.000000
3,0.102956,0.000000,0.082894,0.111300,0.044034,0.016598
4,0.102605,0.005815,0.074825,0.109466,0.035242,0.000000
2,0.097114,0.000000,0.072907,0.130822,0.000000,0.000000
3,0.088626,0.000000,0.066406,0.125000,0.000000,0.003003
3,0.110731,0.000000,0.077649,0.113877,0.038919,0.038453
3,0.078195,0.013798,0.085339,0.135968,0.000000,0.014358
4,0.107629,0.015622,0.083186,0.106768,0.020614,0.008845
3,0.089261,0.000000,0.066406,0.125000,0.000000,0.016995
4,0.110054,0.000000,0.079302,0.141085,0.035752,0.000000
3,0.098073,0.019279,0.057501,0.120078,0.026023,0.065116
3,0.064005,0.000000,0.095359,0.134972,0.011537,0.000000
3,0.087501,0.000000,0.066406,0.125000,0.000000,0.009992
3,0.097261,0.000000,0.052987,0.122955,0.000000,0.051202
2,0.082062,0.000000,0.051295,0.121810,0.022442,0.046397
3,0.104667,0.000000,0.069727,0.141294,0.000000,0.000000
3,0.087028,0.000000,0.066406,0.125000,0.000000,0.041009
2,0.061452,0.017754,0.075688,0.106900,0.000000,0.083991
3,0.087729,0.000000,0.077713,0.114083,0.020311,0.015808
2,0.064701,0.004738,0.089860,0.141683,0.017000,0.000000
3,0.085913,0.000000,0.066406,0.125000,0.000000,0.071979
3,0.079291,0.000782,0.067448,0.118912,0.000000,0.074951
3,0.067760,0.000000,0.053281,0.124429,0.000000,0.028543
3,0.076771,0.011281,0.041746,0.116877,0.010041,0.096387
3,0.087723,0.000000,0.066406,0.125000,0.000000,0.103004
3,0.114872,0.015895,0.065630,0.143625,0.028147,0.096649
3,0.075229,0.000000,0.036623,0.144186,0.000000,0.147614
3,0.091848,0.000000,0.044231,0.110616,0.000000,0.079604
3,0.088524,0.000000,0.066406,0.125000,0.002305,0.000000
2,0.102263,0.000000,0.074544,0.128820,0.010677,0.000000
4,0.061204,0.000000,0.074536,0.130194,0.003397,0.034278
4,0.104660,0.000789,0.088637,0.143553,0.011156,0.038860
3,0.086902,0.000000,0.066406,0.125000,0.000000,0.014985
3,0.069652,0.019582,0.070156,0.115616,0.009585,0.048791
2,0.084962,0.007373,0.082379,0.118954,0.035897,0.062718
2,0.097705,0.006246,0.050533,0.124937,0.048395,0.000000
3,0.086824,0.000000,0.066406,0.125000,0.031967,0.000000
3,0.099421,0.000000,0.058675,0.118515,0.030782,0.000000
3,0.113034,0.000000,0.064087,0.124088,0.061834,0.000000
4,0.099696,0.018846,0.080244,0.140528,0.018074,0.000000
3,0.088444,0.000000,0.066406,0.125000,0.008191,0.000000
4,0.107619,0.000000,0.093179,0.123907,0.000000,0.000000
2,0.071333,0.018061,0.060169,0.113606,0.052517,0.000000
2,0.109784,0.000000,0.068076,0.115139,0.000000,0.000000
3,0.086040,0.000000,0.066406,0.125000,0.452814,0.000000
3,0.079462,0.016617,0.076397,0.124719,0.523496,0.000000
2,0.093772,0.001094,0.035819,0.117830,0.470261,0.000000
2,0.132602,0.016609,0.051897,0.113029,0.453104,0.000000
3,0.088167,0.000000,0.066406,0.125000,0.922743,0.000000
2,0.131180,0.005079,0.029441,0.114538,0.898548,0.000000
3,0.136409,0.011812,0.050865,0.129115,0.844256,0.000000
2,0.042677,0.000000,0.115425,0.134652,0.896469,0.000000
3,0.086538,0.000000,0.066406,0.125000,0.689044,0.000000
3,0.125963,0.011547,0.093036,0.142996,0.686851,0.000000
2,0.082097,0.008642,0.093646,0.117373,0.663318,0.000000
2,0.135401,0.002333,0.082019,0.133448,0.599442,0.000000
3,0.087679,0.000000,0.066406,0.125000,0.722531,0.000000
3,0.075768,0.018787,0.025279,0.135235,0.643525,0.000000
2,0.077484,0.008452,0.029294,0.109652,0.690216,0.000000
3,0.043889,0.009764,0.064533,0.141352,0.647613,0.000000
3,0.088916,0.000000,0.066406,0.125000,0.483106,0.000000
2,0.075328,0.000000,0.108313,0.137703,0.501265,0.000000
3,0.104272,0.000981,0.018613,0.142156,0.476024,0.000000
3,0.094213,0.018934,0.024003,0.128300,0.564536,0.000000
3,0.085754,0.000000,0.066406,0.125000,0.522768,0.000000
4,0.045535,0.000000,0.075423,0.144328,0.568182,0.000000
2,0.053679,0.000000,0.033318,0.121832,0.451222,0.000000
4,0.076143,0.009907,0.102560,0.130695,0.526625,0.000000
3,0.089644,0.000000,0.066406,0.125000,0.218411,0.000000
2,0.097052,0.000000,0.065162,0.139034,0.223852,0.000000
2,0.073795,0.000000,0.086122,0.110827,0.251438,0.000000
2,0.084161,0.013010,0.050106,0.113741,0.186321,0.000000
3,0.085985,0.000000,0.066406,0.125000,0.240224,0.000000
4,0.083237,0.000000,0.054956,0.134631,0.281302,0.000000
2,0.071089,0.000000,0.057694,0.111991,0.282788,0.019616
3,0.094637,0.000000,0.053922,0.133170,0.219636,0.000000
3,0.086807,0.000000,0.066406,0.125000,0.000000,0.011661
3,0.070980,0.012727,0.047966,0.125219,0.009635,0.001784
2,0.082753,0.007936,0.085855,0.111855,0.028668,0.005524
3,0.113895,0.000000,0.046978,0.133246,0.000000,0.007954
3,0.086637,0.000000,0.066406,0.125000,0.591797,0.000000
3,0.104281,0.000000,0.100037,0.140765,0.627249,0.000000
2,0.080857,0.008362,0.036923,0.126243,0.636840,0.000000
3,0.104130,0.004391,0.048002,0.133424,0.505381,0.000000
3,0.089953,0.000000,0.066406,0.125000,0.011367,0.000000
2,0.112109,0.005839,0.086536,0.121507,0.039811,0.026601
3,0.077712,0.000000,0.083455,0.128448,0.000000,0.000000
4,0.116272,0.001965,0.051465,0.106988,0.015652,0.000000
3,0.086325,0.000000,0.066406,0.125000,0.363085,0.000000
2,0.082792,0.003339,0.089109,0.132684,0.406266,0.000281
3,0.110300,0.001666,0.079758,0.138932,0.338085,0.014257
4,0.104085,0.012702,0.084518,0.126719,0.357967,0.034181
3,0.086823,0.000000,0.066406,0.125000,0.332084,0.000000
2,0.094258,0.000000,0.057810,0.132766,0.347025,0.005120
3,0.075950,0.006570,0.089745,0.119624,0.299606,0.000000
2,0.067502,0.000000,0.077907,0.106040,0.376300,0.000000
3,0.087634,0.000000,0.066406,0.125000,0.396384,0.000000
2,0.071859,0.019625,0.058656,0.114596,0.417985,0.000000
3,0.086922,0.010105,0.058870,0.124136,0.387988,0.014944
3,0.073318,0.018771,0.059587,0.120183,0.385933,0.007359
3,0.087291,0.000000,0.066406,0.125000,0.472492,0.000000
4,0.110955,0.001446,0.018724,0.134052,0.520999,0.000000
3,0.057019,0.005179,0.091254,0.136799,0.434109,0.000000
4,0.056016,0.000000,0.097809,0.105584,0.391764,0.000000
3,0.086227,0.000000,0.066406,0.125000,0.181393,0.000000
2,0.059357,0.016027,0.093425,0.143546,0.158295,0.025120
3,0.090095,0.011087,0.038592,0.121565,0.134560,0.000000
2,0.087155,0.019432,0.050553,0.110083,0.192728,0.004620
3,0.086769,0.000000,0.066406,0.125000,0.397323,0.000000
2,0.085743,0.000000,0.092107,0.123570,0.355855,0.000000
3,0.087865,0.000652,0.080831,0.119148,0.415233,0.010506
3,0.098102,0.000000,0.040648,0.113610,0.394937,0.045574
3,0.087429,0.000000,0.066406,0.125000,0.587171,0.000000
3,0.087756,0.011644,0.060770,0.124550,0.574622,0.000000
2,0.070709,0.015285,0.077182,0.111956,0.623480,0.000000
2,0.130166,0.000000,0.068352,0.107321,0.646605,0.000000
3,0.084212,0.000000,0.066406,0.125000,0.247374,0.000000
2,0.075229,0.001557,0.087755,0.111611,0.284157,0.037929
2,0.090840,0.015391,0.050670,0.128589,0.231678,0.010428
2,0.055706,0.007319,0.087652,0.124226,0.215162,0.002584
3,0.086716,0.000000,0.066406,0.125000,0.218650,0.000000
4,0.110213,0.011559,0.080042,0.129655,0.219992,0.027230
2,0.059098,0.000000,0.043648,0.124022,0.219504,0.000000
4,0.081188,0.019873,0.054221,0.143465,0.219395,0.004144
3,0.086370,0.000000,0.066406,0.125000,0.274989,0.000000
3,0.107045,0.000000,0.050060,0.129369,0.226284,0.035552
4,0.072668,0.003149,0.088068,0.138804,0.315490,0.000000
3,0.086360,0.012120,0.094630,0.127277,0.249882,0.043728
3,0.088658,0.000000,0.066406,0.125000,0.366337,0.000000
2,0.091676,0.000000,0.053764,0.127701,0.350515,0.000000
3,0.073376,0.008524,0.058835,0.122027,0.318246,0.003593
2,0.115863,0.000000,0.075573,0.137684,0.322470,0.016287
3,0.088124,0.000000,0.066406,0.125000,0.286406,0.000000
2,0.084910,0.013090,0.090221,0.141492,0.306429,0.000000
2,0.116309,0.000000,0.047957,0.132408,0.318877,0.000000
3,0.103377,0.011761,0.054696,0.114327,0.287974,0.000000
3,0.087371,0.000000,0.066406,0.125000,0.087489,0.000000
2,0.076346,0.000000,0.054326,0.109967,0.133385,0.000000
3,0.062394,0.001474,0.039353,0.116996,0.075689,0.047604
2,0.108273,0.011718,0.046748,0.108922,0.075871,0.000000
3,0.089395,0.000000,0.066406,0.125000,0.068691,0.000000
3,0.087978,0.000000,0.055505,0.141241,0.086715,0.000000
4,0.065009,0.004719,0.054128,0.128726,0.026937,0.023718
2,0.067089,0.000000,0.070252,0.137127,0.085089,0.034463
3,0.088031,0.000000,0.066406,0.125000,0.000000,0.002993
3,0.112267,0.003603,0.089776,0.142752,0.000000,0.010948
2,0.073712,0.000000,0.082015,0.126278,0.000000,0.000000
4,0.079092,0.000000,0.077402,0.132012,0.000000,0.000000
3,0.087090,0.000000,0.066406,0.125000,0.000000,0.030354
2,0.067159,0.000000,0.079722,0.125886,0.007445,0.028034
3,0.070592,0.014096,0.043150,0.139565,0.021418,0.000000
4,0.061232,0.000000,0.075262,0.112884,0.005727,0.072811
3,0.086689,0.000000,0.066406,0.125000,0.000000,0.024009
2,0.102726,0.008094,0.067740,0.126118,0.037230,0.010231
3,0.061272,0.000000,0.045614,0.141041,0.000000,0.067297
2,0.090181,0.000000,0.053581,0.121760,0.000000,0.010699
3,0.087859,0.000000,0.066406,0.125000,0.000000,0.026005
2,0.070715,0.000000,0.047080,0.141762,0.000000,0.037479
2,0.085359,0.000000,0.063166,0.118090,0.019581,0.060876
2,0.076520,0.000000,0.056847,0.121619,0.000000,0.014177
3,0.089610,0.000000,0.066406,0.125000,0.000000,0.057007
3,0.117334,0.000000,0.065472,0.132459,0.000000,0.058164
3,0.105717,0.000000,0.050221,0.143665,0.006532,0.019588
4,0.112916,0.018759,0.056101,0.110885,0.001926,0.070906
3,0.087857,0.000000,0.066406,0.125000,0.000000,0.000000
4,0.058166,0.000000,0.078484,0.125377,0.018285,0.010650
2,0.062351,0.013979,0.044597,0.116217,0.000000,0.000000
3,0.113618,0.010954,0.058429,0.131468,0.000000,0.026790
4,0.114358,0.000000,0.085938,0.164062,0.000000,0.030997
5,0.106559,0.003725,0.091587,0.149670,0.000000,0.055738
3,0.134312,0.000000,0.073212,0.156081,0.018177,0.000000
5,0.088148,0.000000,0.084916,0.174037,0.000000,0.000000
5,0.116383,0.000000,0.093750,0.179688,0.000000,0.004002
5,0.113270,0.018176,0.083397,0.166981,0.000000,0.028781
5,0.134307,0.006861,0.102959,0.195425,0.000000,0.000000
6,0.092492,0.000000,0.095171,0.167802,0.022779,0.000000
5,0.125328,0.000000,0.093750,0.179688,0.004609,0.000000
5,0.138779,0.004087,0.107436,0.168160,0.000000,0.000000
6,0.118969,0.016817,0.117844,0.163459,0.020706,0.000000
5,0.135565,0.007033,0.083895,0.185105,0.029766,0.010572
6,0.133002,0.000000,0.113281,0.210938,0.000000,0.004997
6,0.128582,0.000000,0.109765,0.208581,0.041860,0.000000
5,0.139914,0.000000,0.135795,0.194963,0.000000,0.036168
5,0.154340,0.000000,0.122854,0.224418,0.000000,0.029419
6,0.149963,0.000000,0.113281,0.210938,0.000000,0.036012
6,0.133073,0.019927,0.096229,0.229860,0.018996,0.058110
5,0.141115,0.000813,0.112916,0.228992,0.019851,0.052109
5,0.131313,0.000000,0.103401,0.198661,0.014087,0.000211
7,0.155826,0.000000,0.121094,0.218750,0.000000,0.004997
6,0.164325,0.017748,0.137051,0.217646,0.000000,0.000000
8,0.175000,0.009719,0.146946,0.200047,0.025974,0.000000
6,0.138682,0.013629,0.107520,0.216534,0.000000,0.050030
7,0.163085,0.000000,0.121094,0.218750,0.000000,0.036022
8,0.138688,0.011859,0.118582,0.211404,0.030643,0.045232
7,0.170155,0.000000,0.109124,0.235256,0.000000,0.085717
6,0.162367,0.000000,0.147160,0.205291,0.043403,0.050989
8,0.176395,0.000000,0.140625,0.250000,0.000000,0.009970
7,0.176498,0.000000,0.165489,0.231250,0.000000,0.039778
7,0.165743,0.000000,0.117269,0.237254,0.013013,0.000000
7,0.196327,0.004319,0.131258,0.243034,0.037271,0.000000
8,0.184128,0.000000,0.140625,0.250000,0.000000,0.041002
7,0.192050,0.000000,0.145382,0.247033,0.000000,0.046985
7,0.163830,0.003264,0.132790,0.264212,0.000000,0.049098
8,0.199548,0.000000,0.144560,0.258385,0.000000,0.000000
9,0.194304,0.000000,0.148438,0.265625,0.000000,0.007002
10,0.204027,0.000000,0.175356,0.257636,0.042867,0.002368
10,0.220186,0.019891,0.178377,0.269102,0.000000,0.000000
8,0.211167,0.000000,0.134960,0.257104,0.000000,0.000000
9,0.199641,0.000000,0.148438,0.265625,0.000000,0.037999
9,0.206336,0.000000,0.173111,0.270325,0.000000,0.049551
8,0.188782,0.011981,0.173896,0.281622,0.048695,0.024095
9,0.207102,0.000000,0.143272,0.267805,0.008377,0.063909
10,0.221486,0.000000,0.167969,0.289062,0.000000,0.015009
11,0.216857,0.000000,0.163627,0.305866,0.000000,0.012085
9,0.210159,0.000000,0.170532,0.278823,0.000000,0.009595
10,0.194581,0.007190,0.166366,0.278009,0.000000,0.001702
10,0.226073,0.000000,0.167969,0.289062,0.000000,0.045997
9,0.214303,0.000000,0.153010,0.301489,0.000000,0.068839
11,0.204348,0.000309,0.144896,0.294455,0.049478,0.056779
9,0.214515,0.011824,0.146332,0.286015,0.017916,0.064724
11,0.236557,0.000000,0.175781,0.304688,0.000000,0.020990
11,0.242077,0.010177,0.194059,0.307328,0.002204,0.042053
10,0.218314,0.000000,0.169703,0.306337,0.000000,0.017745
12,0.234177,0.009115,0.162945,0.311961,0.045031,0.000000
11,0.236902,0.000000,0.175781,0.304688,0.000000,0.000000
11,0.231886,0.000000,0.173951,0.315834,0.000000,0.000000
10,0.255023,0.000000,0.191444,0.312607,0.000000,0.029630
11,0.228200,0.000000,0.155567,0.316615,0.019216,0.041134
12,0.260389,0.000000,0.195312,0.320312,0.000000,0.031000
13,0.251730,0.000000,0.199853,0.329925,0.015756,0.008817
12,0.254650,0.017109,0.204578,0.313660,0.000000,0.007871
11,0.270731,0.009329,0.212303,0.312115,0.000000,0.035539
13,0.269161,0.000000,0.203125,0.335938,0.000000,0.006011
14,0.240254,0.000000,0.221657,0.317170,0.000000,0.000000
12,0.284691,0.016923,0.227854,0.347483,0.000000,0.000000
13,0.250203,0.003061,0.195493,0.331792,0.037936,0.000000
13,0.274776,0.000000,0.203125,0.335938,0.000000,0.037002
14,0.289023,0.019258,0.200987,0.347360,0.000000,0.016223
14,0.298972,0.015220,0.221265,0.318347,0.000000,0.001009
13,0.256050,0.000000,0.200375,0.319529,0.000000,0.082374
13,0.275228,0.000000,0.203125,0.335938,0.000000,0.068003
14,0.303238,0.000000,0.176166,0.335499,0.048139,0.088795
14,0.304544,0.000000,0.222492,0.345742,0.000000,0.094517
12,0.248007,0.006589,0.228944,0.336201,0.000000,0.085632
13,0.275013,0.000000,0.203125,0.335938,0.000000,0.099027
13,0.269971,0.015943,0.195187,0.324436,0.009157,0.145324
12,0.259406,0.000000,0.220224,0.348971,0.000000,0.125735
13,0.252698,0.015039,0.182019,0.344824,0.000000,0.118608
13,0.275905,0.000000,0.203125,0.335938,0.000000,0.130003
14,0.287762,0.000000,0.228316,0.345774,0.000000,0.112106
13,0.301096,0.000000,0.191596,0.333211,0.012268,0.141358
14,0.280785,0.015015,0.192756,0.325454,0.019012,0.149257
13,0.275660,0.000000,0.203125,0.335938,0.000000,0.161010
13,0.263715,0.000000,0.202114,0.339120,0.018159,0.131279
14,0.264401,0.000541,0.210021,0.317475,0.010880,0.112896
12,0.256900,0.000000,0.190658,0.341845,0.000000,0.171393
13,0.276686,0.000000,0.203125,0.335938,0.000000,0.192002
14,0.283708,0.007750,0.211727,0.326080,0.000000,0.143498
14,0.256403,0.015722,0.213744,0.342728,0.015135,0.144353
13,0.295770,0.011281,0.220455,0.348945,0.044897,0.183116
13,0.274150,0.000000,0.203125,0.335938,0.000000,0.223003
14,0.294138,0.000000,0.229436,0.336951,0.000000,0.191553
12,0.281388,0.000000,0.202778,0.324063,0.003700,0.202381
12,0.271920,0.000000,0.181792,0.338734,0.000000,0.230264
13,0.275094,0.000000,0.203125,0.335938,0.000000,0.254024
14,0.297290,0.007109,0.187821,0.346585,0.001424,0.285060
14,0.268545,0.009332,0.199742,0.348900,0.000000,0.214450
13,0.274191,0.018573,0.211424,0.333431,0.014380,0.207804
13,0.274456,0.000000,0.203125,0.335938,0.000000,0.285027
14,0.256217,0.002928,0.189008,0.354326,0.018953,0.235774
13,0.275102,0.013233,0.179323,0.327412,0.000000,0.332539
14,0.288426,0.014398,0.188520,0.335114,0.000000,0.274978
13,0.277059,0.000000,0.203125,0.335938,0.002266,0.000000
14,0.263977,0.000000,0.180138,0.343438,0.046270,0.012631
14,0.301782,0.001454,0.178516,0.333123,0.025231,0.022399
14,0.254871,0.019491,0.197866,0.332924,0.000000,0.000000
13,0.277094,0.000000,0.203125,0.335938,0.136130,0.000000
12,0.283497,0.008280,0.208004,0.321432,0.112267,0.034698
13,0.274590,0.007061,0.208808,0.329813,0.182967,0.000000
12,0.286716,0.000000,0.202727,0.341404,0.135573,0.000000
13,0.274387,0.000000,0.203125,0.335938,0.000000,0.016994
13,0.286418,0.000000,0.216567,0.339590,0.000000,0.000000
14,0.296737,0.000000,0.217171,0.328789,0.000000,0.059787
14,0.270322,0.019876,0.201698,0.345766,0.000000,0.062810
13,0.273559,0.000000,0.203125,0.335938,0.000000,0.048013
14,0.298238,0.003474,0.205424,0.328407,0.006199,0.097633
14,0.258424,0.000000,0.182841,0.338047,0.009920,0.080578
12,0.256985,0.015610,0.178753,0.338248,0.000000,0.068987
13,0.274874,0.000000,0.203125,0.335938,0.000000,0.007979
12,0.302057,0.000836,0.209239,0.345195,0.000000,0.009596
12,0.246425,0.013363,0.179830,0.324014,0.000000,0.046075
12,0.297347,0.016996,0.215463,0.327058,0.000000,0.000000
13,0.274490,0.000000,0.203125,0.335938,0.093437,0.000000
12,0.279698,0.000000,0.205202,0.324237,0.051680,0.000000
14,0.250190,0.009381,0.176884,0.321304,0.092882,0.000000
14,0.259717,0.016221,0.224509,0.324968,0.132299,0.034254
13,0.275381,0.000000,0.203125,0.335938,0.158039,0.000000
12,0.298578,0.009082,0.209903,0.350438,0.161733,0.048749
13,0.256403,0.000000,0.208231,0.339228,0.147439,0.035665
13,0.292510,0.000000,0.175851,0.345954,0.192920,0.000000
13,0.274076,0.000000,0.203125,0.335938,0.034844,0.000000
13,0.257802,0.006407,0.222055,0.334811,0.000492,0.000000
14,0.289589,0.000557,0.179511,0.335021,0.036658,0.000000
13,0.262117,0.009601,0.196299,0.349877,0.002949,0.000000
13,0.271650,0.000000,0.203125,0.335938,0.099145,0.000000
13,0.273718,0.011595,0.174886,0.332496,0.112991,0.007058
12,0.290215,0.000000,0.212709,0.330122,0.068377,0.003061
13,0.276408,0.000000,0.188412,0.321918,0.125369,0.008103
13,0.275234,0.000000,0.203125,0.335938,0.294361,0.000000
13,0.296837,0.014027,0.219318,0.333781,0.249705,0.000000
14,0.252314,0.000000,0.224473,0.323127,0.321219,0.000000
12,0.256599,0.016028,0.228778,0.350487,0.267614,0.000000
13,0.275800,0.000000,0.203125,0.335938,0.076070,0.000000
12,0.291701,0.001641,0.188951,0.323080,0.044784,0.000000
13,0.271545,0.000000,0.196844,0.350376,0.102712,0.000000
14,0.247201,0.000000,0.183707,0.336295,0.111807,0.000000
13,0.273485,0.000000,0.203125,0.335938,0.033080,0.000000
13,0.260419,0.015246,0.202027,0.330573,0.010884,0.000000
13,0.278410,0.006230,0.223672,0.342211,0.000000,0.047068
13,0.257172,0.000000,0.173340,0.337982,0.054712,0.000000
13,0.273717,0.000000,0.203125,0.335938,0.072336,0.000000
12,0.258764,0.000000,0.224316,0.355040,0.106026,0.000000
14,0.289221,0.003804,0.194091,0.326256,0.072217,0.048308
12,0.284543,0.000000,0.174839,0.339193,0.071751,0.002990
13,0.273859,0.000000,0.203125,0.335938,0.000000,0.000998
14,0.299526,0.000000,0.223213,0.333612,0.019352,0.000000
14,0.260481,0.000000,0.180522,0.332736,0.000000,0.017486
12,0.262618,0.000000,0.220840,0.350842,0.000000,0.004718
13,0.274668,0.000000,0.203125,0.335938,0.002305,0.000000
12,0.296044,0.015971,0.195737,0.333144,0.036350,0.041682
14,0.268217,0.018465,0.191282,0.344568,0.000000,0.000000
14,0.261308,0.008915,0.189822,0.337913,0.000000,0.011525
13,0.275599,0.000000,0.203125,0.335938,0.006914,0.000000
12,0.264493,0.016128,0.208687,0.337460,0.028689,0.000000
13,0.256552,0.000000,0.226819,0.347440,0.048760,0.000875
12,0.274767,0.004353,0.212638,0.329786,0.055815,0.000000
13,0.273581,0.000000,0.203125,0.335938,0.000000,0.003016
13,0.267886,0.000000,0.198446,0.316284,0.000000,0.000000
13,0.276865,0.003644,0.201354,0.320448,0.000000,0.000000
13,0.286573,0.011434,0.215813,0.328144,0.003927,0.000000
13,0.273311,0.000000,0.203125,0.335938,0.000000,0.002002
13,0.277330,0.018292,0.176987,0.324869,0.047274,0.000000
14,0.284347,0.019164,0.183610,0.327889,0.040076,0.016266
13,0.262668,0.016755,0.177842,0.330189,0.012230,0.047645
13,0.274536,0.000000,0.203125,0.335938,0.109445,0.000000
14,0.252951,0.001877,0.209707,0.317065,0.115121,0.041295
13,0.266822,0.000000,0.210594,0.342744,0.067301,0.000000
12,0.261483,0.000000,0.182070,0.331533,0.145577,0.006295
13,0.275709,0.000000,0.203125,0.335938,0.000000,0.006968
14,0.257833,0.018448,0.230538,0.316053,0.016677,0.010229
13,0.294987,0.010778,0.187700,0.341255,0.000000,0.021213
13,0.258488,0.006947,0.224627,0.352046,0.000000,0.034295
13,0.274517,0.000000,0.203125,0.335938,0.000000,0.001996
13,0.289463,0.001282,0.188162,0.355180,0.000000,0.000000
12,0.268323,0.012645,0.189027,0.336652,0.024138,0.040295
12,0.303272,0.000000,0.225412,0.339837,0.018662,0.008454
13,0.274625,0.000000,0.203125,0.335938,0.000000,0.003018
13,0.263397,0.000000,0.180259,0.338296,0.029118,0.034662
13,0.256759,0.005099,0.189914,0.322623,0.034713,0.000000
13,0.261309,0.009854,0.190754,0.327381,0.038968,0.039581
13,0.273317,0.000000,0.203125,0.335938,0.000000,0.003994
13,0.274451,0.000000,0.225615,0.349104,0.010269,0.000000
12,0.254253,0.000000,0.227065,0.342382,0.015509,0.009746
14,0.272811,0.008980,0.189624,0.351420,0.044908,0.003158
13,0.274488,0.000000,0.203125,0.335938,0.000000,0.000616
13,0.266368,0.003031,0.206959,0.332426,0.000000,0.000000
12,0.285075,0.000000,0.198508,0.334489,0.000000,0.016466
13,0.302349,0.000000,0.215474,0.346031,0.034002,0.039099
13,0.276807,0.000000,0.203125,0.335938,0.000000,0.024000
14,0.261009,0.000000,0.221147,0.346660,0.005179,0.046694
12,0.251868,0.011633,0.177092,0.343377,0.000000,0.000900
14,0.254917,0.015075,0.204420,0.324781,0.000000,0.003150
13,0.276542,0.000000,0.203125,0.335938,0.000000,0.025006
14,0.269096,0.000000,0.225851,0.323507,0.000000,0.000000
12,0.282708,0.000000,0.219205,0.325168,0.000953,0.048025
13,0.267605,0.000000,0.173455,0.334428,0.014951,0.051833
13,0.275400,0.000000,0.203125,0.335938,0.000000,0.011972
12,0.269259,0.001573,0.173564,0.339891,0.045781,0.000000
13,0.291099,0.006679,0.210391,0.355479,0.000000,0.000000
13,0.284850,0.012309,0.174585,0.339463,0.014661,0.000000
13,0.274474,0.000000,0.203125,0.335938,0.005153,0.000000
12,0.295344,0.000000,0.195512,0.333282,0.000000,0.000000
12,0.252127,0.012843,0.205480,0.347761,0.000000,0.000930
14,0.254495,0.008271,0.188891,0.350838,0.000000,0.000000
13,0.275909,0.000000,0.203125,0.335938,0.036182,0.000000
13,0.266992,0.010979,0.216178,0.321866,0.000018,0.009258
13,0.246738,0.000000,0.214716,0.353595,0.024353,0.002492
12,0.255859,0.000000,0.220546,0.339466,0.013796,0.009885
13,0.276025,0.000000,0.203125,0.335938,0.000000,0.002970
14,0.300538,0.000000,0.184923,0.336309,0.038534,0.033965
13,0.247194,0.000000,0.230720,0.321399,0.001147,0.017211
12,0.251424,0.005699,0.198820,0.355563,0.030849,0.006346
13,0.275118,0.000000,0.203125,0.335938,0.000000,0.033977
14,0.268949,0.000000,0.233097,0.330395,0.000000,0.074404
14,0.301056,0.000000,0.179587,0.351214,0.042634,0.007393
13,0.274800,0.000000,0.205321,0.349886,0.000000,0.015250
13,0.273807,0.000000,0.203125,0.335938,0.000000,0.003998
13,0.290676,0.019215,0.210901,0.355145,0.004777,0.037275
13,0.277191,0.000000,0.227126,0.353510,0.000000,0.000000
13,0.247516,0.018789,0.183795,0.323615,0.000000,0.049652
13,0.273712,0.000000,0.203125,0.335938,0.000000,0.022995
13,0.245157,0.007165,0.229988,0.318401,0.007098,0.068751
13,0.246852,0.002941,0.203378,0.338787,0.048498,0.064296
12,0.275909,0.007018,0.185618,0.318263,0.000000,0.004559
13,0.276969,0.000000,0.203125,0.335938,0.000000,0.054017
14,0.264500,0.013773,0.225352,0.328332,0.049799,0.021625
14,0.277612,0.008708,0.188986,0.340421,0.031946,0.076326
14,0.267754,0.009743,0.209664,0.355328,0.047330,0.092512
13,0.273963,0.000000,0.203125,0.335938,0.000000,0.010001
13,0.259363,0.000000,0.178013,0.335672,0.000000,0.049686
14,0.257238,0.016468,0.186941,0.333724,0.038754,0.020071
14,0.302930,0.007833,0.200111,0.316732,0.000000,0.059368
13,0.273125,0.000000,0.203125,0.335938,0.076863,0.000000
12,0.250712,0.000000,0.183252,0.341041,0.031586,0.000643
14,0.266090,0.019500,0.224301,0.335651,0.029976,0.041489
14,0.299425,0.011704,0.210835,0.319212,0.099095,0.000000
13,0.275650,0.000000,0.203125,0.335938,0.000000,0.002997
13,0.289820,0.000000,0.180477,0.337871,0.017751,0.000000
13,0.273468,0.005696,0.208764,0.345916,0.000000,0.000000
12,0.270983,0.000000,0.215513,0.348640,0.000000,0.000000
13,0.272289,0.000000,0.203125,0.335938,0.005153,0.000000
12,0.280011,0.000000,0.200388,0.349320,0.014994,0.000000
12,0.278001,0.016853,0.227534,0.324639,0.000000,0.000000
14,0.258500,0.015241,0.207121,0.345999,0.000000,0.044431
13,0.276505,0.000000,0.203125,0.335938,0.000000,0.002992
14,0.276928,0.018376,0.189869,0.317281,0.019754,0.000000
13,0.295993,0.000000,0.230385,0.330379,0.000000,0.000000
13,0.262539,0.010984,0.193575,0.333855,0.000000,0.000000
13,0.275315,0.000000,0.203125,0.335938,0.057724,0.000000
14,0.279354,0.001558,0.200940,0.338900,0.039524,0.000000
12,0.254219,0.003850,0.210322,0.333620,0.014744,0.021143
14,0.267405,0.000000,0.174487,0.320660,0.065165,0.000000
13,0.274970,0.000000,0.203125,0.335938,0.042874,0.000000
14,0.291749,0.013092,0.221590,0.326031,0.000000,0.000000
13,0.295278,0.009147,0.225224,0.320665,0.032832,0.003151
12,0.259069,0.000000,0.178934,0.353916,0.041030,0.000000
13,0.275492,0.000000,0.203125,0.335938,0.127445,0.000000
13,0.304497,0.011565,0.204968,0.332124,0.097729,0.007928
13,0.292743,0.000000,0.203492,0.330093,0.115405,0.005836
14,0.277612,0.016050,0.211557,0.353970,0.098840,0.000000
13,0.274442,0.000000,0.203125,0.335938,0.000000,0.006965
12,0.282979,0.018046,0.214087,0.350315,0.000000,0.013826
13,0.248837,0.014316,0.197126,0.335580,0.000000,0.036323
14,0.257365,0.017481,0.197656,0.336041,0.000392,0.022810
13,0.274558,0.000000,0.203125,0.335938,0.000000,0.037964
12,0.263426,0.000969,0.195580,0.331211,0.000000,0.050715
14,0.246612,0.000000,0.185006,0.330731,0.019280,0.077614
13,0.257479,0.000000,0.196424,0.341520,0.009124,0.071876
13,0.273651,0.000000,0.203125,0.335938,0.030790,0.000000
12,0.289869,0.019188,0.201893,0.320147,0.057768,0.000000
14,0.284345,0.000000,0.184867,0.321004,0.080071,0.000000
12,0.279833,0.000000,0.178845,0.331874,0.052588,0.038884
13,0.275193,0.000000,0.203125,0.335938,0.011752,0.000000
13,0.298610,0.014879,0.194701,0.352897,0.000000,0.000000
13,0.301606,0.019115,0.185608,0.330958,0.004172,0.000000
14,0.267544,0.000000,0.188154,0.322571,0.000000,0.007844
13,0.274931,0.000000,0.203125,0.335938,0.002305,0.000000
14,0.264504,0.001956,0.221303,0.349035,0.000000,0.006188
14,0.272481,0.000000,0.200250,0.347485,0.011788,0.000000
13,0.296654,0.000000,0.221996,0.325764,0.000000,0.000000
13,0.273758,0.000000,0.203125,0.335938,0.000000,0.020004
14,0.286875,0.000000,0.204839,0.354392,0.000000,0.017286
12,0.277587,0.000000,0.211692,0.347019,0.043989,0.053952
13,0.285934,0.011711,0.218636,0.338549,0.000000,0.000000
13,0.273989,0.000000,0.203125,0.335938,0.000000,0.012009
12,0.249568,0.016279,0.224100,0.318129,0.046594,0.000000
13,0.249314,0.010546,0.189750,0.353765,0.000000,0.000000
14,0.271304,0.013045,0.197965,0.332462,0.047363,0.038406
13,0.277074,0.000000,0.203125,0.335938,0.007288,0.000000
13,0.281543,0.015878,0.188940,0.353311,0.027223,0.018386
14,0.250705,0.000000,0.211743,0.345723,0.000000,0.000000
14,0.299057,0.015081,0.195690,0.316503,0.032194,0.026622
13,0.274723,0.000000,0.203125,0.335938,0.000000,0.017350
12,0.271977,0.000000,0.176630,0.344969,0.000000,0.027363
14,0.250521,0.016081,0.211647,0.328421,0.000000,0.000000
13,0.247875,0.018076,0.184423,0.324760,0.000000,0.011281
13,0.275021,0.000000,0.203125,0.335938,0.108499,0.000000
13,0.299926,0.003826,0.230959,0.336940,0.126567,0.047654
14,0.295781,0.000000,0.230876,0.334117,0.112240,0.000000
12,0.268477,0.009808,0.212924,0.321297,0.068851,0.017569
13,0.275313,0.000000,0.203125,0.335938,0.015286,0.000000
12,0.293302,0.016488,0.212972,0.319013,0.015808,0.016148
12,0.292031,0.012876,0.222952,0.317619,0.025210,0.012060
13,0.247293,0.000000,0.215981,0.345230,0.000000,0.000000
13,0.274095,0.000000,0.203125,0.335938,0.002305,0.000000
12,0.246257,0.016376,0.201236,0.319993,0.013759,0.009573
14,0.274631,0.019744,0.230771,0.318923,0.007190,0.000000
13,0.280760,0.006963,0.222571,0.353357,0.000000,0.009701
13,0.277024,0.000000,0.203125,0.335938,0.000000,0.004999
13,0.290180,0.000000,0.227811,0.343461,0.014925,0.000000
12,0.253228,0.011831,0.180789,0.352772,0.001409,0.022712
13,0.274752,0.016631,0.211658,0.344795,0.000000,0.000000
13,0.273703,0.000000,0.203125,0.335938,0.013439,0.000000
12,0.267437,0.003683,0.190368,0.319387,0.028824,0.017118
12,0.264836,0.010156,0.212997,0.340371,0.005316,0.000000
13,0.265230,0.000000,0.204353,0.353294,0.024676,0.000000
13,0.275479,0.000000,0.203125,0.335938,0.007288,0.000000
12,0.266892,0.000000,0.229271,0.331784,0.000000,0.024062
13,0.276795,0.000000,0.173277,0.339401,0.000000,0.000000
13,0.255596,0.005698,0.229906,0.327589,0.049263,0.000000
13,0.275537,0.000000,0.203125,0.335938,0.000000,0.014005
13,0.273972,0.000000,0.212235,0.347008,0.000000,0.008631
13,0.284090,0.000000,0.185405,0.324322,0.000000,0.033311
14,0.245857,0.000000,0.183629,0.349233,0.000000,0.000000
13,0.277409,0.000000,0.203125,0.335938,0.039414,0.000000
13,0.288911,0.003550,0.212818,0.318153,0.015716,0.000000
13,0.295006,0.003853,0.227839,0.351187,0.000078,0.000000
12,0.257687,0.013678,0.202306,0.338808,0.063610,0.000000
13,0.275199,0.000000,0.203125,0.335938,0.020387,0.000000
13,0.250091,0.000000,0.205280,0.354241,0.037355,0.000000
12,0.248496,0.003766,0.228763,0.345963,0.000000,0.004312
14,0.263766,0.002391,0.225437,0.350473,0.040421,0.000000
13,0.273888,0.000000,0.203125,0.335938,0.242194,0.000000
14,0.283516,0.000000,0.192628,0.330536,0.205748,0.000373
14,0.302267,0.016819,0.183861,0.347923,0.207617,0.000000
12,0.298134,0.013550,0.232594,0.319791,0.239424,0.029861
13,0.274530,0.000000,0.203125,0.335938,0.071461,0.000000
12,0.272621,0.017124,0.178194,0.322779,0.097235,0.021610
12,0.292484,0.004113,0.173138,0.343359,0.075371,0.043287
14,0.273841,0.000000,0.229552,0.348482,0.024546,0.000000
13,0.274145,0.000000,0.203125,0.335938,0.000000,0.003001
12,0.293454,0.011046,0.223320,0.328761,0.049161,0.025113
14,0.255905,0.000000,0.213710,0.324988,0.000000,0.000000
14,0.303177,0.000000,0.208759,0.355717,0.000000,0.011275
13,0.276525,0.000000,0.203125,0.335938,0.094749,0.000000
13,0.258001,0.000000,0.205806,0.340340,0.106529,0.000000
12,0.264015,0.009775,0.213991,0.327727,0.088289,0.000000
13,0.306113,0.004732,0.204027,0.347782,0.097522,0.000000
13,0.277057,0.000000,0.203125,0.335938,0.006519,0.000000
14,0.268637,0.000000,0.218828,0.352996,0.000000,0.000967
14,0.270114,0.000394,0.212923,0.320566,0.042474,0.000000
12,0.256323,0.013600,0.212822,0.322686,0.006918,0.046908
13,0.275419,0.000000,0.203125,0.335938,0.000000,0.002998
13,0.266432,0.009019,0.217766,0.337380,0.000000,0.000000
13,0.296764,0.000000,0.221445,0.347110,0.035385,0.000000
14,0.294272,0.017220,0.214958,0.321598,0.000000,0.000000
13,0.273955,0.000000,0.203125,0.335938,0.000000,0.000000
12,0.303426,0.005657,0.188534,0.339429,0.013752,0.000000
14,0.277409,0.004101,0.221270,0.352669,0.000000,0.031999
12,0.257600,0.018577,0.222229,0.334555,0.000000,0.033587
13,0.273966,0.000000,0.203125,0.335938,0.022109,0.000000
13,0.271243,0.011572,0.173575,0.320745,0.000000,0.022197
12,0.297212,0.000000,0.219530,0.325711,0.056086,0.000000
12,0.287660,0.000000,0.177194,0.325679,0.037702,0.049663
13,0.274451,0.000000,0.203125,0.335938,0.000000,0.025999
12,0.278560,0.000000,0.194060,0.328406,0.029471,0.025652
12,0.275821,0.019048,0.211754,0.326445,0.028548,0.021819
14,0.259280,0.014492,0.180673,0.323325,0.035927,0.018156
13,0.272378,0.000000,0.203125,0.335938,0.000000,0.057007
14,0.298535,0.000000,0.226758,0.335547,0.012979,0.097570
13,0.244799,0.019876,0.218151,0.348995,0.046866,0.021712
13,0.263219,0.017106,0.201270,0.352810,0.000373,0.078550
13,0.276751,0.000000,0.203125,0.335938,0.000000,0.088018
13,0.296826,0.000000,0.187316,0.318931,0.026236,0.128229
14,0.299375,0.000000,0.228984,0.341827,0.000000,0.044886
14,0.287930,0.000000,0.221268,0.349729,0.034689,0.121223
13,0.275291,0.000000,0.203125,0.335938,0.000000,0.119001
14,0.290188,0.000000,0.228088,0.355856,0.000000,0.167961
12,0.247420,0.002173,0.198873,0.335083,0.000000,0.125026
13,0.256266,0.000000,0.199106,0.342458,0.000000,0.127834
13,0.273772,0.000000,0.203125,0.335938,0.000000,0.150014
14,0.273189,0.000000,0.217489,0.350872,0.026233,0.123815
13,0.277502,0.000000,0.213190,0.351473,0.025998,0.174034
14,0.257248,0.002947,0.180919,0.345481,0.000000,0.174250
13,0.275633,0.000000,0.203125,0.335938,0.000000,0.181023
14,0.287144,0.000000,0.204186,0.347584,0.012343,0.192536
13,0.283618,0.015827,0.221143,0.318320,0.029858,0.135035
13,0.276122,0.006052,0.174200,0.349300,0.000000,0.226266
13,0.276160,0.000000,0.203125,0.335938,0.000000,0.212000
13,0.299437,0.002587,0.204992,0.334826,0.000000,0.200207
14,0.270887,0.000000,0.231491,0.340958,0.017508,0.231834
12,0.254137,0.000000,0.176014,0.342449,0.009010,0.241867
13,0.275471,0.000000,0.203125,0.335938,0.000000,0.242997
13,0.268307,0.000000,0.230226,0.318518,0.002109,0.251876
12,0.254418,0.000000,0.212190,0.330820,0.000000,0.205835
13,0.301965,0.010894,0.201812,0.334368,0.000000,0.237472
13,0.275346,0.000000,0.203125,0.335938,0.000000,0.273999
14,0.255738,0.000000,0.206176,0.351778,0.001509,0.240469
12,0.272737,0.015987,0.192620,0.352833,0.000000,0.242110
12,0.271712,0.009807,0.185546,0.350092,0.033486,0.254356
13,0.277035,0.000000,0.203125,0.335938,0.000000,0.305007
13,0.287736,0.014736,0.214523,0.346959,0.014837,0.317855
14,0.258449,0.015221,0.193071,0.317068,0.000000,0.259971
14,0.304032,0.013061,0.220523,0.321434,0.000000,0.334426
13,0.274139,0.000000,0.203125,0.335938,0.000000,0.336007
13,0.248907,0.000000,0.176259,0.316480,0.040962,0.292042
13,0.276240,0.000000,0.212815,0.342805,0.000000,0.303314
13,0.289541,0.000000,0.232821,0.340988,0.000000,0.366589
13,0.275227,0.000000,0.203125,0.335938,0.000000,0.367021
14,0.299191,0.014686,0.195326,0.349227,0.017985,0.377677
14,0.277804,0.000000,0.230573,0.339730,0.012387,0.377363
13,0.288432,0.005502,0.229543,0.330575,0.017305,0.362858
13,0.273334,0.000000,0.203125,0.335938,0.000000,0.398025
12,0.269034,0.007164,0.215195,0.342890,0.000000,0.440021
12,0.267667,0.011760,0.176141,0.349885,0.035753,0.367666
12,0.280176,0.007964,0.223002,0.319761,0.000000,0.382067
13,0.274453,0.000000,0.203125,0.335938,0.000000,0.429005
13,0.299311,0.000000,0.187479,0.347830,0.000846,0.422182
13,0.269868,0.018844,0.198905,0.330121,0.000000,0.381715
14,0.298625,0.000000,0.214528,0.317609,0.000000,0.385918
13,0.277862,0.000000,0.203125,0.335938,0.000000,0.459997
13,0.272836,0.004303,0.221314,0.327824,0.004836,0.422152
13,0.270198,0.000000,0.210597,0.318088,0.000000,0.421550
13,0.261942,0.000000,0.209701,0.323077,0.000000,0.412741
13,0.275246,0.000000,0.203125,0.335938,0.000000,0.491033
12,0.275065,0.000000,0.200904,0.345411,0.013084,0.475258
12,0.253930,0.002804,0.205999,0.338378,0.027595,0.473565
13,0.279032,0.000802,0.182240,0.327016,0.000000,0.527299
13,0.274220,0.000000,0.203125,0.335938,0.011552,0.000000
12,0.249711,0.000000,0.199040,0.337182,0.000000,0.031132
12,0.259677,0.000000,0.188444,0.344339,0.055966,0.030099
12,0.279777,0.000056,0.197078,0.338587,0.000000,0.000000
13,0.273920,0.000000,0.203125,0.335938,0.290139,0.000000
13,0.257537,0.014266,0.180248,0.339442,0.248663,0.044320
13,0.246888,0.000000,0.199479,0.317976,0.296920,0.000000
12,0.287079,0.018188,0.186464,0.334701,0.264268,0.009940
13,0.275216,0.000000,0.203125,0.335938,0.008310,0.000000
12,0.265707,0.006128,0.174644,0.317097,0.000000,0.017885
13,0.257042,0.017936,0.188747,0.339297,0.029828,0.000000
13,0.273408,0.000000,0.208084,0.354243,0.000000,0.034097
13,0.276871,0.000000,0.203125,0.335938,0.174830,0.000000
13,0.276820,0.012493,0.226885,0.334062,0.144181,0.010904
13,0.275050,0.000000,0.187052,0.316391,0.161639,0.000000
14,0.261862,0.000000,0.206788,0.321437,0.189596,0.000000
13,0.274278,0.000000,0.203125,0.335938,0.041242,0.000000
14,0.295357,0.000000,0.188504,0.330580,0.000000,0.000000
14,0.279228,0.015953,0.217443,0.342686,0.085334,0.018225
14,0.252270,0.014798,0.178519,0.350414,0.029979,0.000000
13,0.274341,0.000000,0.203125,0.335938,0.024883,0.000000
14,0.252612,0.017830,0.174907,0.331224,0.000000,0.000000
12,0.259660,0.000000,0.222949,0.316256,0.060072,0.000000
14,0.293111,0.000000,0.183713,0.343423,0.062320,0.000000
13,0.275872,0.000000,0.203125,0.335938,0.000000,0.021293
14,0.295790,0.004574,0.192068,0.336266,0.000000,0.002400
14,0.249880,0.000000,0.226688,0.341138,0.000000,0.058529
13,0.278737,0.012677,0.221289,0.340998,0.007348,0.064966
13,0.276419,0.000000,0.203125,0.335938,0.000000,0.029033
13,0.286129,0.000000,0.201311,0.320089,0.000000,0.019352
14,0.275224,0.011204,0.201430,0.353996,0.000000,0.012376
12,0.295573,0.000000,0.195557,0.347776,0.000000,0.000000
13,0.275681,0.000000,0.203125,0.335938,0.000000,0.002002
13,0.262249,0.000000,0.200745,0.341592,0.025495,0.000000
13,0.302642,0.000000,0.189171,0.320967,0.016699,0.026911
13,0.293135,0.005643,0.225668,0.318803,0.000000,0.000000
13,0.274181,0.000000,0.203125,0.335938,0.002305,0.000000
13,0.272696,0.000975,0.196016,0.352422,0.000000,0.000000
14,0.271078,0.014120,0.175584,0.320146,0.050176,0.004228
14,0.297713,0.007071,0.216877,0.327468,0.000000,0.030399
13,0.273523,0.000000,0.203125,0.335938,0.000000,0.026993
14,0.290556,0.000000,0.197304,0.332477,0.000000,0.000000
12,0.252409,0.017142,0.216536,0.328715,0.000000,0.017568
14,0.301555,0.000000,0.196545,0.321882,0.000000,0.074376
13,0.272614,0.000000,0.203125,0.335938,0.000000,0.057997
12,0.286770,0.007130,0.230336,0.331871,0.000000,0.097322
14,0.245051,0.000000,0.221820,0.345480,0.000000,0.106072
14,0.267138,0.000000,0.178404,0.337013,0.000000,0.064144
13,0.275215,0.000000,0.203125,0.335938,0.004609,0.000000
13,0.272042,0.011161,0.215860,0.343676,0.000000,0.019404
14,0.247388,0.000000,0.197868,0.331722,0.033058,0.016322
14,0.254333,0.000000,0.213326,0.321982,0.003788,0.000000
13,0.275858,0.000000,0.203125,0.335938,0.002305,0.000000
12,0.255028,0.003885,0.213283,0.342122,0.032261,0.000000
13,0.280026,0.000000,0.203875,0.353049,0.000000,0.000934
14,0.301616,0.000000,0.180040,0.354912,0.000138,0.000000
13,0.275006,0.000000,0.203125,0.335938,0.005084,0.000000
12,0.288581,0.000000,0.215081,0.340500,0.000000,0.000000
13,0.293622,0.011752,0.186793,0.328532,0.037533,0.000000
14,0.257877,0.008620,0.227594,0.344094,0.015773,0.046302
13,0.274813,0.000000,0.203125,0.335938,0.000000,0.001955
13,0.299873,0.000000,0.180422,0.317235,0.000000,0.000000
14,0.253805,0.000000,0.213262,0.319723,0.000000,0.000000
12,0.279296,0.000000,0.208954,0.325389,0.003286,0.000000
13,0.274276,0.000000,0.203125,0.335938,0.004531,0.000000
12,0.280985,0.000000,0.217986,0.321137,0.000000,0.026022
13,0.281432,0.000000,0.204645,0.348566,0.053988,0.000000
13,0.264402,0.000000,0.191049,0.340473,0.000000,0.000000
13,0.274899,0.000000,0.203125,0.335938,0.002266,0.000000
13,0.280693,0.000000,0.189552,0.351200,0.047300,0.032122
14,0.247478,0.000000,0.220001,0.349636,0.000000,0.045363
12,0.262913,0.000000,0.214306,0.340003,0.000000,0.002054
13,0.275819,0.000000,0.203125,0.335938,0.025117,0.000000
14,0.288357,0.000000,0.181038,0.337844,0.073847,0.005478
13,0.267375,0.017791,0.195771,0.322607,0.034856,0.001679
13,0.264947,0.000000,0.221902,0.344705,0.041272,0.000000
13,0.273277,0.000000,0.203125,0.335938,0.002305,0.000000
12,0.281081,0.000000,0.225944,0.326979,0.028385,0.000000
14,0.292635,0.000000,0.219312,0.353968,0.048767,0.000000
13,0.281093,0.000000,0.201438,0.355073,0.048504,0.010866
13,0.275807,0.000000,0.203125,0.335938,0.003232,0.000000
13,0.292838,0.000000,0.203585,0.323987,0.000000,0.000000
14,0.250041,0.010115,0.173932,0.336440,0.000000,0.004784
12,0.269823,0.013720,0.212528,0.324062,0.000000,0.000000
13,0.276153,0.000000,0.203125,0.335938,0.021248,0.000000
12,0.255012,0.014246,0.189656,0.318982,0.020981,0.000000
12,0.249164,0.000000,0.213392,0.355515,0.053371,0.000000
12,0.282945,0.000000,0.220865,0.322617,0.060375,0.000000
13,0.271873,0.000000,0.203125,0.335938,0.000000,0.005348
12,0.249250,0.008092,0.205480,0.348110,0.000000,0.000000
13,0.299613,0.000000,0.206646,0.347715,0.000000,0.000000
14,0.290882,0.004425,0.180871,0.332197,0.000000,0.000000
13,0.275794,0.000000,0.203125,0.335938,0.000000,0.009985
12,0.264875,0.008318,0.229315,0.345118,0.022616,0.033723
13,0.257724,0.010123,0.178233,0.333755,0.000000,0.000000
14,0.297892,0.003559,0.179365,0.335205,0.000000,0.000000
13,0.276839,0.000000,0.203125,0.335938,0.010307,0.000000
13,0.258307,0.007658,0.209216,0.320380,0.000000,0.000000
12,0.289058,0.001971,0.173576,0.328299,0.044476,0.044789
14,0.283157,0.000000,0.220223,0.338506,0.043734,0.044748
13,0.276700,0.000000,0.203125,0.335938,0.000000,0.002036
12,0.284612,0.010706,0.210994,0.318389,0.000000,0.000000
13,0.257999,0.006201,0.208703,0.343203,0.000000,0.000000
14,0.247101,0.006197,0.174311,0.337628,0.049070,0.044993
13,0.272809,0.000000,0.203125,0.335938,0.000000,0.004637
13,0.280238,0.000000,0.203136,0.335212,0.037580,0.053462
12,0.270474,0.000000,0.186890,0.350810,0.000000,0.028045
14,0.275761,0.009346,0.227718,0.329202,0.000000,0.000000
13,0.274390,0.000000,0.203125,0.335938,0.002266,0.000000
13,0.299684,0.008762,0.195303,0.333744,0.012290,0.011182
14,0.291651,0.000000,0.197149,0.348739,0.000000,0.000000
13,0.253608,0.002757,0.176752,0.340454,0.007169,0.029755
13,0.275007,0.000000,0.203125,0.335938,0.011560,0.000000
13,0.298567,0.017205,0.212256,0.331317,0.035585,0.000000
12,0.299446,0.008338,0.179739,0.344439,0.000000,0.044591
14,0.276616,0.000000,0.184783,0.339213,0.000000,0.000000
13,0.275440,0.000000,0.203125,0.335938,0.000000,0.001293
14,0.284840,0.000000,0.179212,0.348514,0.000000,0.000000
12,0.275409,0.013329,0.184563,0.330793,0.030617,0.000000
12,0.283619,0.000000,0.174435,0.351725,0.000000,0.000000
13,0.275062,0.000000,0.203125,0.335938,0.000000,0.011025
12,0.268697,0.000000,0.177191,0.339344,0.003176,0.051298
14,0.283001,0.000000,0.217072,0.329048,0.000000,0.000000
14,0.281268,0.000000,0.179035,0.341922,0.015257,0.020998
13,0.275021,0.000000,0.203125,0.335938,0.009219,0.000000
12,0.251398,0.014354,0.212264,0.337611,0.042945,0.000000
13,0.258493,0.000000,0.184192,0.323661,0.000000,0.000000
13,0.258206,0.000000,0.175594,0.347312,0.035514,0.000000
13,0.276197,0.000000,0.203125,0.335938,0.022578,0.000000
12,0.303710,0.010182,0.185947,0.328623,0.066393,0.041146
13,0.252344,0.000000,0.199442,0.332061,0.051181,0.000000
13,0.280012,0.009086,0.212104,0.327383,0.000000,0.000000
13,0.275651,0.000000,0.203125,0.335938,0.000000,0.013889
14,0.291752,0.000000,0.204614,0.317393,0.033493,0.000000
14,0.301340,0.000000,0.191844,0.337863,0.002533,0.029659
13,0.247026,0.000000,0.201437,0.316468,0.021790,0.000000
13,0.274468,0.000000,0.203125,0.335938,0.000000,0.013053
12,0.255816,0.000000,0.189414,0.338261,0.000000,0.029901
13,0.282734,0.000000,0.175017,0.344607,0.000000,0.021421
14,0.277794,0.013158,0.216181,0.326269,0.000000,0.000000
13,0.273811,0.000000,0.203125,0.335938,0.004531,0.000000
14,0.277647,0.000000,0.219692,0.355372,0.037353,0.000000
12,0.258315,0.000000,0.223157,0.333408,0.000000,0.000000
14,0.280111,0.000000,0.209661,0.339175,0.005338,0.000000
13,0.276308,0.000000,0.203125,0.335938,0.021642,0.000000
12,0.298699,0.000000,0.208189,0.337748,0.058924,0.000000
12,0.270658,0.007880,0.188651,0.343656,0.027938,0.000000
12,0.272944,0.000000,0.224180,0.332244,0.063790,0.028536
13,0.273281,0.000000,0.203125,0.335938,0.000000,0.002042
12,0.259971,0.000000,0.210977,0.318400,0.000000,0.052026
13,0.245783,0.007984,0.200737,0.329036,0.000000,0.000000
14,0.284686,0.017861,0.202923,0.343649,0.000000,0.000000
13,0.274317,0.000000,0.203125,0.335938,0.011744,0.000000
12,0.268943,0.000000,0.173773,0.318484,0.000000,0.000000
14,0.291979,0.005589,0.181776,0.353796,0.000000,0.039304
12,0.278948,0.000070,0.182560,0.337852,0.027754,0.000000
13,0.276879,0.000000,0.203125,0.335938,0.011523,0.000000
13,0.270807,0.012018,0.220590,0.354925,0.010618,0.000000
13,0.253322,0.013280,0.176783,0.326707,0.053110,0.000000
12,0.299218,0.019018,0.216638,0.350709,0.040860,0.000000
13,0.275678,0.000000,0.203125,0.335938,0.007165,0.000000
13,0.295455,0.016756,0.228099,0.326505,0.015564,0.019437
12,0.298188,0.013521,0.173644,0.317514,0.048019,0.014440
12,0.248398,0.000000,0.175185,0.352054,0.047795,0.039574
13,0.275763,0.000000,0.203125,0.335938,0.015898,0.000000
12,0.297762,0.019311,0.193900,0.347802,0.020600,0.000000
14,0.285408,0.012105,0.219422,0.344866,0.011764,0.032208
13,0.258014,0.000000,0.202807,0.349647,0.024309,0.049641
13,0.274942,0.000000,0.203125,0.335938,0.007177,0.000000
13,0.284922,0.009227,0.199941,0.340916,0.000000,0.018683
12,0.249247,0.000000,0.188130,0.345491,0.000000,0.018435
13,0.263116,0.000000,0.210018,0.348032,0.000000,0.035469
13,0.274819,0.000000,0.203125,0.335938,0.004609,0.000000
13,0.299060,0.000000,0.205990,0.344651,0.000000,0.000000
12,0.286617,0.011906,0.201971,0.353279,0.000000,0.037059
14,0.270324,0.000000,0.229922,0.344423,0.053349,0.034489
13,0.273219,0.000000,0.203125,0.335938,0.011523,0.000000
12,0.293239,0.007150,0.203540,0.335896,0.037335,0.000000
14,0.284715,0.007442,0.202148,0.330882,0.000000,0.000000
14,0.278820,0.017512,0.175505,0.329323,0.045148,0.049212
13,0.275408,0.000000,0.203125,0.335938,0.006914,0.000000
12,0.246160,0.000000,0.180474,0.333334,0.000000,0.032733
14,0.270044,0.000000,0.192965,0.319143,0.000000,0.030025
12,0.266053,0.004565,0.188665,0.342880,0.007245,0.000000
13,0.274660,0.000000,0.203125,0.335938,0.005119,0.000000
12,0.287536,0.001194,0.224639,0.334551,0.033768,0.000000
14,0.271622,0.004876,0.213772,0.343694,0.000000,0.038946
12,0.299113,0.000000,0.216860,0.354412,0.038413,0.000000
13,0.273657,0.000000,0.203125,0.335938,0.011560,0.000000
14,0.270968,0.000000,0.215029,0.338045,0.026409,0.039489
12,0.297620,0.010430,0.227645,0.331290,0.032775,0.000000
13,0.272514,0.000000,0.188310,0.329498,0.057922,0.000000
13,0.275398,0.000000,0.203125,0.335938,0.011367,0.000000
12,0.293193,0.007524,0.208705,0.334149,0.000000,0.015652
14,0.282027,0.000000,0.202914,0.349733,0.035546,0.048465
12,0.284472,0.003200,0.219590,0.323819,0.000000,0.000000
13,0.276120,0.000000,0.203125,0.335938,0.000000,0.007003
12,0.294052,0.016399,0.230780,0.345770,0.014903,0.014788
14,0.278891,0.011938,0.226149,0.329745,0.000000,0.000000
13,0.302685,0.000591,0.215022,0.340448,0.035493,0.021907
13,0.273581,0.000000,0.203125,0.335938,0.018576,0.000000
14,0.300500,0.013837,0.186379,0.340561,0.000000,0.028458
12,0.265954,0.019572,0.211675,0.345936,0.067806,0.000000
14,0.296095,0.000000,0.188699,0.338593,0.000000,0.029401
13,0.275783,0.000000,0.203125,0.335938,0.011744,0.000000
14,0.279477,0.006470,0.195195,0.329169,0.050465,0.000000
14,0.288986,0.000000,0.200075,0.335114,0.000000,0.044351
14,0.272057,0.017881,0.217562,0.333629,0.000000,0.040152
13,0.274559,0.000000,0.203125,0.335938,0.016778,0.000000
14,0.278619,0.000000,0.231375,0.320185,0.021058,0.000000
13,0.301713,0.016800,0.222925,0.355067,0.058642,0.000000
12,0.300042,0.000000,0.198909,0.331261,0.000000,0.000000
13,0.275733,0.000000,0.203125,0.335938,0.000000,0.001003
14,0.279830,0.000000,0.176452,0.355830,0.000000,0.000000
12,0.290791,0.005141,0.211661,0.341967,0.000000,0.006362
13,0.260163,0.017242,0.195244,0.344865,0.000000,0.037107
13,0.275122,0.000000,0.203125,0.335938,0.018387,0.000000
12,0.262805,0.019616,0.195725,0.345843,0.000000,0.000000
14,0.246878,0.000000,0.218493,0.323152,0.045873,0.000000
14,0.271757,0.013399,0.204590,0.339518,0.066452,0.000000
13,0.275088,0.000000,0.203125,0.335938,0.002266,0.000000
13,0.280161,0.000000,0.201902,0.343492,0.032107,0.028000
14,0.258992,0.014974,0.231058,0.323052,0.023165,0.040953
14,0.262803,0.010004,0.230964,0.333521,0.047367,0.000000
13,0.274772,0.000000,0.203125,0.335938,0.010289,0.000000
14,0.248042,0.000000,0.199449,0.343709,0.000000,0.000000
14,0.269933,0.000000,0.208394,0.348596,0.000000,0.043285
13,0.267957,0.000000,0.223621,0.355290,0.015634,0.000000
13,0.274013,0.000000,0.203125,0.335938,0.009219,0.000000
13,0.250021,0.000000,0.191525,0.349990,0.047961,0.046674
13,0.262609,0.000000,0.187924,0.333876,0.000000,0.003130
12,0.293195,0.007577,0.186853,0.340582,0.036241,0.005122
13,0.274509,0.000000,0.203125,0.335938,0.009219,0.000000
12,0.280681,0.004335,0.223081,0.330337,0.034739,0.000000
14,0.292652,0.014138,0.188033,0.319949,0.000000,0.000000
14,0.301891,0.000000,0.221582,0.341945,0.044990,0.000000
13,0.273884,0.000000,0.203125,0.335938,0.000000,0.013001
14,0.273581,0.000000,0.199631,0.334262,0.016767,0.038982
13,0.300457,0.011862,0.218699,0.329006,0.000000,0.000000
14,0.275616,0.007943,0.181479,0.321375,0.037932,0.046523
13,0.274366,0.000000,0.203125,0.335938,0.025779,0.000000
13,0.294737,0.000000,0.201226,0.321198,0.059033,0.000000
13,0.273963,0.002688,0.225328,0.320504,0.000000,0.000000
13,0.258393,0.000000,0.209686,0.329830,0.062184,0.000000
13,0.272546,0.000000,0.203125,0.335938,0.000000,0.003998
12,0.298753,0.013657,0.188269,0.326096,0.032334,0.016165
14,0.272763,0.000000,0.230113,0.354642,0.000000,0.041538
12,0.264391,0.000000,0.190202,0.342762,0.030259,0.047658
13,0.273553,0.000000,0.203125,0.335938,0.040040,0.000000
12,0.291169,0.005219,0.201389,0.353782,0.022675,0.000000
13,0.269775,0.012850,0.230071,0.347563,0.047038,0.000000
14,0.299099,0.000000,0.177809,0.328643,0.014095,0.049166
13,0.273540,0.000000,0.203125,0.335938,0.009493,0.000000
14,0.280170,0.014242,0.198719,0.354421,0.000987,0.027740
12,0.296985,0.010966,0.188979,0.346462,0.000000,0.049129
13,0.266225,0.004131,0.206578,0.339584,0.035322,0.000000
13,0.274130,0.000000,0.203125,0.335938,0.006797,0.000000
13,0.285115,0.000000,0.201954,0.333784,0.000000,0.021957
12,0.264317,0.000000,0.225694,0.329749,0.000000,0.045137
12,0.288098,0.008926,0.221910,0.336504,0.000000,0.000000
13,0.274861,0.000000,0.203125,0.335938,0.013633,0.000000
12,0.246095,0.000000,0.179400,0.340209,0.000000,0.000000
14,0.258915,0.000000,0.189275,0.330473,0.033933,0.025597
14,0.283804,0.001445,0.224057,0.342387,0.034203,0.000000
13,0.279100,0.000000,0.203125,0.335938,0.004531,0.000000
14,0.274198,0.000000,0.194646,0.319942,0.009920,0.000000
13,0.250769,0.000000,0.229122,0.319283,0.012813,0.000000
12,0.250365,0.017467,0.185083,0.336951,0.000446,0.027140
13,0.275122,0.000000,0.203125,0.335938,0.003232,0.000000
14,0.292275,0.011302,0.200809,0.343406,0.016146,0.000000
13,0.260480,0.000000,0.182451,0.318967,0.026554,0.005253
14,0.259769,0.015680,0.191403,0.350583,0.042342,0.017892
13,0.275068,0.000000,0.203125,0.335938,0.012411,0.000000
14,0.261585,0.000000,0.175073,0.321977,0.062287,0.000000
12,0.296364,0.019568,0.196570,0.328857,0.053024,0.000000
13,0.294184,0.011096,0.191102,0.333237,0.000000,0.008179
13,0.275591,0.000000,0.203125,0.335938,0.009502,0.000000
12,0.247952,0.000000,0.181624,0.353119,0.000000,0.006893
13,0.292285,0.000000,0.232419,0.351522,0.000000,0.000000
12,0.302207,0.000000,0.207264,0.328801,0.000000,0.000000
13,0.277228,0.000000,0.203125,0.335938,0.000000,0.006616
13,0.251516,0.018644,0.231321,0.319541,0.000000,0.000000
12,0.288113,0.000000,0.197565,0.354069,0.000000,0.000000
13,0.253264,0.003175,0.228672,0.335779,0.000000,0.000000
13,0.276222,0.000000,0.203125,0.335938,0.006797,0.000000
14,0.294166,0.007909,0.229820,0.338629,0.000000,0.000000
14,0.248215,0.001757,0.196952,0.319747,0.000000,0.015869
13,0.255339,0.019726,0.200199,0.321357,0.015174,0.000000
13,0.274288,0.000000,0.203125,0.335938,0.006836,0.000000
12,0.250409,0.000000,0.230383,0.334342,0.055399,0.034165
14,0.287714,0.014393,0.201860,0.348505,0.000000,0.009425
14,0.298241,0.000000,0.210281,0.342091,0.011642,0.020381
13,0.275902,0.000000,0.203125,0.335938,0.000000,0.000646
13,0.274610,0.001757,0.211324,0.355118,0.028527,0.014329
13,0.292068,0.000000,0.197328,0.325790,0.000000,0.000000
13,0.278697,0.000000,0.183604,0.323782,0.000000,0.032925
13,0.274858,0.000000,0.203125,0.335938,0.021240,0.000000
14,0.277345,0.012777,0.194184,0.322685,0.000000,0.000000
12,0.267309,0.001893,0.219641,0.328383,0.006664,0.013612
12,0.257621,0.013596,0.203975,0.342524,0.044712,0.049282
13,0.277004,0.000000,0.203125,0.335938,0.011523,0.000000
13,0.269782,0.000000,0.204861,0.341336,0.053483,0.000000
12,0.264876,0.000000,0.223358,0.355453,0.000000,0.037637
12,0.258272,0.000000,0.183256,0.326810,0.000000,0.035037
13,0.273895,0.000000,0.203125,0.335938,0.004609,0.000000
14,0.267803,0.002390,0.224060,0.338305,0.000000,0.020123
12,0.265385,0.000000,0.188967,0.331435,0.026247,0.022103
13,0.299376,0.000000,0.213421,0.329479,0.053225,0.000000
13,0.274723,0.000000,0.203125,0.335938,0.000000,0.017023
14,0.262679,0.000000,0.223333,0.326215,0.000000,0.021830
14,0.301619,0.000000,0.227929,0.322370,0.000000,0.065826
14,0.285509,0.000000,0.215791,0.347170,0.000000,0.044467
13,0.277437,0.000000,0.203125,0.335938,0.020547,0.000000
13,0.287000,0.000000,0.215264,0.325476,0.000000,0.048771
14,0.287940,0.016817,0.181433,0.326482,0.036934,0.000000
14,0.301224,0.000000,0.179344,0.321933,0.038846,0.042886
13,0.273886,0.000000,0.203125,0.335938,0.011552,0.000000
12,0.252875,0.000000,0.222078,0.336136,0.031426,0.000000
13,0.275154,0.000000,0.225198,0.329878,0.053445,0.027213
13,0.286134,0.007722,0.200020,0.327287,0.043554,0.000000
13,0.274991,0.000000,0.203125,0.335938,0.005101,0.000000
13,0.249325,0.000000,0.203218,0.316034,0.000000,0.000000
14,0.266616,0.002382,0.192864,0.328408,0.000000,0.000000
13,0.281192,0.000000,0.180984,0.326174,0.008066,0.013090
13,0.277209,0.000000,0.203125,0.335938,0.003259,0.000000
12,0.273900,0.000000,0.230198,0.332138,0.000000,0.026159
13,0.292068,0.000000,0.217597,0.331437,0.041695,0.033985
13,0.293443,0.019760,0.214302,0.344060,0.005191,0.000000
13,0.277191,0.000000,0.203125,0.335938,0.004570,0.000000
14,0.287667,0.000000,0.222525,0.340819,0.022401,0.033002
12,0.283651,0.000000,0.210428,0.339248,0.044176,0.012241
12,0.285529,0.012163,0.192662,0.341140,0.006669,0.018006
13,0.278048,0.000000,0.203125,0.335938,0.000000,0.026689
14,0.274213,0.016321,0.229522,0.346032,0.000000,0.042972
13,0.294268,0.000000,0.209749,0.331701,0.000000,0.000000
13,0.288330,0.000000,0.198006,0.325813,0.000000,0.000000
13,0.274797,0.000000,0.203125,0.335938,0.000000,0.057656
13,0.298658,0.005447,0.180468,0.323977,0.013464,0.030766
13,0.250632,0.000000,0.219760,0.317863,0.000000,0.074343
14,0.274665,0.000000,0.193608,0.335635,0.000000,0.083871
13,0.275364,0.000000,0.203125,0.335938,0.000000,0.088993
12,0.303278,0.000548,0.178220,0.345714,0.043549,0.048047
13,0.245944,0.003046,0.202703,0.354457,0.024446,0.108843
13,0.260694,0.000000,0.193481,0.317624,0.048979,0.112360
13,0.273877,0.000000,0.203125,0.335938,0.000000,0.120002
12,0.264780,0.000000,0.213357,0.320676,0.000000,0.133261
14,0.251843,0.015533,0.189887,0.324440,0.000000,0.140837
12,0.300250,0.000000,0.191791,0.336820,0.044855,0.116996
13,0.275950,0.000000,0.203125,0.335938,0.000000,0.150611
12,0.255722,0.003994,0.205983,0.323380,0.000000,0.117379
14,0.247891,0.000000,0.218127,0.328906,0.000000,0.138057
14,0.271787,0.004710,0.178009,0.332520,0.042676,0.112568
13,0.276837,0.000000,0.203125,0.335938,0.000000,0.182008
14,0.306062,0.002630,0.212373,0.324986,0.047190,0.198881
12,0.278117,0.008724,0.220343,0.331092,0.000000,0.213530
12,0.295091,0.000350,0.192146,0.349366,0.030626,0.181295
13,0.274381,0.000000,0.203125,0.335938,0.000000,0.212619
13,0.295899,0.000000,0.219895,0.355930,0.000000,0.198274
12,0.264313,0.016958,0.187158,0.339317,0.000000,0.203052
12,0.266848,0.019678,0.194763,0.333348,0.020463,0.187929
14,0.311845,0.000000,0.242188,0.390625,0.000000,0.011599
13,0.304036,0.011671,0.255042,0.410045,0.000000,0.000000
14,0.282301,0.017861,0.225540,0.375159,0.000000,0.000000
13,0.326364,0.005820,0.213386,0.393894,0.000000,0.000000
15,0.351165,0.000000,0.281250,0.414062,0.000000,0.006997
16,0.363516,0.009250,0.293485,0.432423,0.000000,0.032983
15,0.336382,0.000000,0.274506,0.406855,0.044194,0.000000
16,0.371661,0.000000,0.298407,0.413028,0.001381,0.000000
16,0.391304,0.000000,0.320312,0.445312,0.000000,0.003993
17,0.367096,0.000000,0.328436,0.456143,0.000000,0.000000
15,0.406148,0.013267,0.314006,0.449849,0.000000,0.008593
17,0.404860,0.013430,0.338597,0.447559,0.033869,0.036275
16,0.423318,0.000000,0.320312,0.445312,0.000000,0.034588
17,0.403784,0.000000,0.349487,0.451145,0.015225,0.011900
15,0.429325,0.000000,0.342826,0.459608,0.027500,0.001907
16,0.421265,0.000000,0.340053,0.459828,0.000000,0.000000
17,0.470233,0.000000,0.359375,0.460938,0.000000,0.029999
16,0.471335,0.009795,0.339275,0.464073,0.000000,0.033259
16,0.481808,0.018962,0.351694,0.453113,0.000000,0.049258
16,0.460680,0.004203,0.364962,0.464556,0.009048,0.059864
18,0.522970,0.000000,0.398438,0.468750,0.000000,0.025959
17,0.515916,0.015641,0.425854,0.473471,0.028600,0.058395
18,0.520919,0.008820,0.409412,0.474199,0.000000,0.002403
18,0.527052,0.014184,0.373845,0.481456,0.048706,0.017732
19,0.568392,0.000000,0.437500,0.480469,0.000000,0.019991
20,0.555206,0.000000,0.418514,0.465735,0.010654,0.038267
18,0.579585,0.000000,0.461693,0.497098,0.000000,0.008365
19,0.560274,0.000000,0.436967,0.497493,0.000000,0.001710
20,0.618310,0.000000,0.476562,0.496094,0.000000,0.015977
19,0.646469,0.012863,0.459968,0.498814,0.022845,0.000000
19,0.602279,0.000000,0.460761,0.502782,0.000000,0.060647
20,0.644806,0.010364,0.454385,0.508747,0.000000,0.045980
21,0.658267,0.000000,0.515625,0.488281,0.000000,0.010000
20,0.642384,0.000000,0.529776,0.474690,0.016381,0.000000
20,0.679768,0.000000,0.503081,0.470377,0.000000,0.000000
22,0.652979,0.000000,0.508317,0.503172,0.030700,0.052299
21,0.674195,0.000000,0.515625,0.488281,0.000000,0.000000
20,0.702051,0.000000,0.498292,0.471684,0.000000,0.013763
20,0.678767,0.015668,0.521568,0.497626,0.042134,0.000000
21,0.670019,0.004177,0.495727,0.499451,0.000000,0.012204
22,0.722611,0.000000,0.554688,0.511719,0.000000,0.031382
22,0.723998,0.000000,0.575344,0.523141,0.036586,0.017926
22,0.707904,0.005610,0.538361,0.521948,0.039812,0.076105
21,0.714933,0.003604,0.573279,0.511191,0.000000,0.017771
23,0.745872,0.000000,0.593750,0.488281,0.000000,0.004603
23,0.749922,0.000000,0.595925,0.473398,0.000000,0.000000
24,0.716239,0.006578,0.577601,0.485518,0.000000,0.038893
24,0.733683,0.005788,0.577594,0.480111,0.020969,0.050032
23,0.774560,0.000000,0.593750,0.488281,0.000000,0.036005
24,0.750649,0.000000,0.610182,0.486458,0.000000,0.000000
23,0.804393,0.012039,0.612336,0.507408,0.010142,0.000000
24,0.756418,0.018626,0.590442,0.486301,0.000000,0.030123
24,0.805075,0.033312,0.632812,0.507812,0.000000,0.008030
24,0.811179,0.043074,0.641277,0.494252,0.038793,0.007873
24,0.779293,0.027334,0.638257,0.508466,0.000000,0.000000
24,0.823905,0.017879,0.615627,0.512280,0.000000,0.054808
24,0.824752,0.160108,0.632812,0.507812,0.000000,0.039359
25,0.815321,0.167468,0.636247,0.515961,0.024055,0.067761
23,0.831649,0.140478,0.642977,0.492027,0.005960,0.071722
23,0.847117,0.169767,0.647751,0.489087,0.000000,0.033897
24,0.823719,0.289062,0.632812,0.507812,0.000000,0.070038
24,0.822327,0.300484,0.607269,0.494908,0.000000,0.120005
23,0.851802,0.307476,0.609336,0.496849,0.000000,0.111919
24,0.803298,0.295732,0.658337,0.503181,0.000000,0.113974
25,0.875252,0.647500,0.671875,0.484375,0.000000,0.029683
26,0.875810,0.630608,0.688431,0.471980,0.000000,0.032486
25,0.874731,0.646651,0.676633,0.488290,0.022440,0.002521
25,0.880857,0.634047,0.655934,0.488728,0.000000,0.003512
25,0.873494,1.000000,0.671875,0.484375,0.000000,0.000000
26,0.902566,1.000000,0.672980,0.495313,0.049242,0.000000
24,0.860170,0.987210,0.690559,0.488325,0.016505,0.009015
26,0.902501,0.983035,0.652913,0.466910,0.041420,0.000000
26,0.922949,1.000000,0.710938,0.445312,0.000000,0.030999
26,0.909125,0.995408,0.725016,0.426617,0.000000,0.000000
25,0.928369,1.000000,0.731629,0.446399,0.000000,0.006291
26,0.916579,1.000000,0.695595,0.442354,0.009391,0.000000
26,0.925596,1.000000,0.710938,0.445312,0.000000,0.061590
26,0.932027,0.989918,0.738808,0.453468,0.019705,0.048241
27,0.905951,1.000000,0.727642,0.463658,0.000000,0.081389
26,0.954978,0.982631,0.685083,0.428297,0.028214,0.074934
27,0.969069,1.000000,0.750000,0.390625,0.000000,0.019690
27,0.961072,1.000000,0.759596,0.384891,0.014202,0.018246
26,0.970297,0.990185,0.777428,0.407458,0.000000,0.022189
26,0.941106,0.998138,0.764720,0.406462,0.000000,0.009242
27,0.975644,1.000000,0.750000,0.390625,0.000000,0.050690
27,0.951383,1.000000,0.755457,0.384599,0.000160,0.066076
28,0.972923,0.983423,0.738184,0.405211,0.000000,0.019643
27,0.947438,1.000000,0.776839,0.400909,0.026970,0.024104
28,0.983237,1.000000,0.789062,0.328125,0.000000,0.005005
29,1.000000,0.994928,0.790602,0.313238,0.034601,0.020430
29,0.999503,1.000000,0.777931,0.332538,0.026974,0.018770
28,1.000000,0.983637,0.762366,0.326425,0.029566,0.000000
28,0.994632,1.000000,0.789062,0.328125,0.000000,0.035642
29,0.989966,0.984058,0.767450,0.312119,0.000000,0.058301
28,1.000000,0.984555,0.773421,0.316376,0.000000,0.068382
27,0.981397,0.983590,0.777800,0.340156,0.000000,0.028565
28,0.994165,1.000000,0.789062,0.328125,0.000000,0.066998
29,0.990432,1.000000,0.791454,0.310885,0.036540,0.071920
29,0.997304,1.000000,0.815520,0.321615,0.000000,0.061750
28,1.000000,0.996685,0.779061,0.329064,0.007554,0.087899
29,0.995242,1.000000,0.828125,0.265625,0.000000,0.027971
29,0.998275,1.000000,0.823473,0.256263,0.000000,0.001947
30,0.995831,0.991692,0.831531,0.277074,0.000000,0.042644
28,0.998688,1.000000,0.821973,0.283154,0.000000,0.065171
29,0.995869,1.000000,0.828125,0.265625,0.000000,0.059363
30,0.995087,1.000000,0.834298,0.271899,0.092682,0.013963
29,0.992958,0.980097,0.833565,0.282275,0.048609,0.098454
28,0.986195,0.997897,0.820248,0.248925,0.021527,0.096633
30,0.995708,1.000000,0.867188,0.218750,0.000000,0.019971
30,0.995655,0.997523,0.866101,0.224745,0.073300,0.012517
30,1.000000,0.987104,0.866562,0.215340,0.093712,0.016382
30,0.991078,0.998878,0.872090,0.201120,0.000000,0.054933
30,0.995146,1.000000,0.867188,0.218750,0.000000,0.051001
30,0.986413,0.996752,0.858692,0.206674,0.044701,0.002143
31,0.998832,0.989855,0.857294,0.234344,0.000000,0.096051
30,0.990731,1.000000,0.873952,0.211817,0.066971,0.057791
31,0.994541,1.000000,0.906250,0.156250,0.000000,0.015004
32,0.988696,1.000000,0.899497,0.173299,0.068750,0.054610
32,0.985209,0.981657,0.902861,0.176003,0.000000,0.019368
32,0.988622,1.000000,0.910704,0.158056,0.056814,0.019559
31,0.995737,1.000000,0.906250,0.156250,0.000000,0.046000
30,0.991415,0.984492,0.903506,0.159333,0.036643,0.091549
31,0.991673,1.000000,0.913185,0.171241,0.069909,0.011736
32,1.000000,0.991968,0.914123,0.152532,0.023706,0.019262
32,0.993599,1.000000,0.945312,0.078125,0.000000,0.013509
32,1.000000,1.000000,0.946426,0.068203,0.091167,0.031915
33,0.991168,1.000000,0.935464,0.078968,0.000000,0.000000
33,0.986894,0.998731,0.940701,0.079547,0.000000,0.005431
32,0.993946,1.000000,0.945312,0.078125,0.000000,0.044990
31,0.993344,1.000000,0.939055,0.084331,0.000000,0.015288
32,0.984782,1.000000,0.942042,0.084715,0.047380,0.024271
32,0.987165,1.000000,0.943745,0.067586,0.000000,0.036772
33,0.994095,1.000000,0.980469,0.039062,0.000000,0.011146
33,1.000000,1.000000,0.984365,0.032679,0.070265,0.000000
33,0.985240,1.000000,0.976432,0.035122,0.000000,0.016482
34,0.989847,0.986188,0.972394,0.020064,0.000000,0.000000
33,0.995380,1.000000,0.980469,0.039062,0.000000,0.041906
34,0.999726,0.983677,0.980408,0.032462,0.000000,0.029836
33,1.000000,1.000000,0.977983,0.021112,0.063385,0.049243
33,0.998445,0.987686,0.970702,0.056517,0.041272,0.071226
34,0.995539,1.000000,0.992188,0.015625,0.000000,0.008999
34,0.986519,0.985769,0.996791,0.026548,0.000000,0.022278
35,0.999174,0.991999,0.989092,0.026799,0.000000,0.000000
35,1.000000,1.000000,0.982382,0.018446,0.061318,0.000000
34,0.996441,1.000000,0.992188,0.015625,0.000000,0.039755
33,0.986659,0.992882,0.994948,0.013826,0.000000,0.038792
34,1.000000,1.000000,0.986500,0.005349,0.000000,0.000000
35,0.996102,1.000000,0.994900,0.028451,0.037163,0.089572
35,0.993871,1.000000,1.000000,0.000000,0.000000,0.009770
36,0.997459,0.988435,1.000000,0.000000,0.000000,0.000000
35,0.985580,0.994775,1.000000,0.002076,0.000000,0.039309
35,0.992466,0.984001,1.000000,0.011212,0.000000,0.018430
35,0.994375,1.000000,1.000000,0.000000,0.000000,0.041236
36,0.992499,1.000000,0.998948,0.011212,0.004344,0.081717
35,0.989246,0.988038,0.997494,0.000000,0.000000,0.013367
34,0.994862,1.000000,1.000000,0.000000,0.055457,0.017182
36,0.995893,1.000000,1.000000,0.000000,0.000000,0.006999
35,0.990491,1.000000,1.000000,0.000000,0.096044,0.000000
35,0.987657,0.985909,0.993774,0.000000,0.000000,0.038452
37,1.000000,1.000000,0.991440,0.000000,0.000000,0.000000
36,0.993899,1.000000,1.000000,0.000000,0.000000,0.037990
35,0.999843,0.990806,1.000000,0.005807,0.000000,0.071345
37,0.988338,1.000000,1.000000,0.000000,0.041385,0.002637
37,0.989074,1.000000,1.000000,0.014031,0.063230,0.075509
36,0.994278,1.000000,1.000000,0.000000,0.000000,0.068995
35,0.997058,0.985250,0.996078,0.000000,0.000000,0.109044
35,1.000000,0.999709,0.998932,0.014896,0.009309,0.117758
35,0.986493,0.988084,0.999145,0.000105,0.000000,0.027931
37,0.994609,1.000000,1.000000,0.000000,0.000000,0.029799
36,0.986700,0.990439,0.998556,0.000000,0.000000,0.009286
36,0.991932,1.000000,0.995420,0.000000,0.000000,0.062026
36,0.992620,0.994199,0.997069,0.019784,0.047286,0.068166
37,0.993697,1.000000,1.000000,0.000000,0.000000,0.060885
37,0.992775,0.985942,1.000000,0.019150,0.000000,0.019812
36,0.999922,1.000000,0.997834,0.009831,0.000000,0.092276
36,0.983723,1.000000,0.991706,0.000000,0.000000,0.103470
38,0.993336,1.000000,1.000000,0.000000,0.000000,0.024256
37,0.993325,0.999124,1.000000,0.006701,0.000000,0.000000
37,0.984707,1.000000,0.994002,0.000125,0.024292,0.028596
39,1.000000,1.000000,0.994216,0.000000,0.000000,0.000000
38,0.995450,1.000000,1.000000,0.000000,0.000000,0.055022
38,0.990819,1.000000,1.000000,0.013682,0.000000,0.056145
37,0.991922,1.000000,0.993770,0.017175,0.000000,0.072347
39,0.988781,1.000000,1.000000,0.000000,0.000000,0.072811
39,0.993888,1.000000,1.000000,0.000000,0.000000,0.021927
40,1.000000,0.984403,0.993888,0.000000,0.012457,0.066467
39,0.998988,0.980147,0.991005,0.013661,0.087578,0.000000
38,1.000000,0.990976,1.000000,0.000000,0.000000,0.032062
39,0.994422,1.000000,1.000000,0.000000,0.000000,0.053182
39,0.986033,0.990399,0.994170,0.000000,0.000000,0.026535
40,0.999900,1.000000,0.998985,0.000000,0.000000,0.094769
38,0.992460,0.992825,1.000000,0.013201,0.000000,0.035335
40,0.994822,1.000000,1.000000,0.000000,0.000000,0.019528
40,1.000000,1.000000,1.000000,0.007961,0.082589,0.000000
41,0.993778,0.991413,1.000000,0.000000,0.000000,0.057988
41,0.995614,1.000000,0.990552,0.000000,0.059398,0.047386
40,0.995194,1.000000,1.000000,0.000000,0.000000,0.050524
40,1.000000,1.000000,0.992169,0.000000,0.066849,0.071608
39,1.000000,0.997345,1.000000,0.000000,0.070024,0.001253
39,1.000000,0.995460,1.000000,0.005720,0.028998,0.072635
41,0.994364,1.000000,1.000000,0.000000,0.000000,0.019001
41,0.986292,0.989241,1.000000,0.000000,0.000000,0.068986
42,0.984497,1.000000,1.000000,0.000000,0.000000,0.026810
42,0.985101,0.984218,0.999714,0.004602,0.000000,0.014815
41,0.995828,1.000000,1.000000,0.000000,0.000000,0.049546
40,0.995375,0.985365,0.990646,0.000000,0.000000,0.024299
41,0.992156,0.982766,0.990649,0.008243,0.076143,0.084029
40,0.989022,0.991097,1.000000,0.000000,0.000000,0.039513
42,0.994422,1.000000,1.000000,0.000000,0.000000,0.007515
43,0.995043,0.981223,0.997649,0.000000,0.000000,0.045951
42,0.998149,0.985330,1.000000,0.000000,0.057526,0.000000
41,1.000000,1.000000,1.000000,0.014365,0.000000,0.031234
42,0.996165,1.000000,1.000000,0.000000,0.000000,0.039010
43,1.000000,0.993352,1.000000,0.000000,0.000000,0.049506
41,0.987046,0.994806,1.000000,0.000000,0.000000,0.084995
41,1.000000,1.000000,1.000000,0.000000,0.066280,0.079384
43,0.993992,1.000000,1.000000,0.000000,0.000000,0.003263
44,0.993366,0.982349,1.000000,0.000000,0.056778,0.000000
42,0.985631,1.000000,1.000000,0.000000,0.000000,0.037054
43,0.990252,1.000000,0.998983,0.008007,0.000000,0.000000
43,0.995248,1.000000,1.000000,0.000000,0.000000,0.034096
44,1.000000,0.983203,0.994359,0.000000,0.000000,0.051146
44,1.000000,1.000000,1.000000,0.000000,0.000000,0.056839
42,0.999535,0.996965,0.998200,0.009396,0.095435,0.031226
43,0.994695,1.000000,1.000000,0.000000,0.000000,0.000000
44,0.991500,1.000000,1.000000,0.009923,0.046722,0.023911
42,0.984764,0.991612,1.000000,0.000000,0.000000,0.033449
42,0.997186,1.000000,1.000000,0.000000,0.062438,0.013199
44,0.994270,1.000000,1.000000,0.000000,0.000000,0.030732
43,1.000000,1.000000,0.991495,0.005713,0.000000,0.048238
44,0.989945,1.000000,0.990199,0.008833,0.018318,0.025112
44,0.990462,0.997806,0.994660,0.001747,0.000000,0.000859
44,0.996506,1.000000,1.000000,0.000000,0.000000,0.061993
44,0.992944,1.000000,0.991150,0.003664,0.000000,0.095649
45,0.997917,0.993855,1.000000,0.019658,0.000000,0.050609
44,0.995383,1.000000,1.000000,0.000000,0.000000,0.043325
45,0.995427,1.000000,1.000000,0.000000,0.000000,0.022898
44,0.998855,0.994870,0.992102,0.000000,0.000000,0.054936
45,0.988276,0.994110,1.000000,0.000713,0.000000,0.000000
46,0.989117,0.999971,1.000000,0.005606,0.000000,0.044056
45,0.995887,1.000000,1.000000,0.000000,0.000000,0.054026
44,1.000000,1.000000,0.995199,0.004587,0.000000,0.090602
45,0.989661,0.992556,0.992504,0.000000,0.028969,0.103128
46,1.000000,1.000000,1.000000,0.000000,0.000000,0.098372
46,0.996187,1.000000,1.000000,0.000000,0.000000,0.018077
47,1.000000,1.000000,0.991944,0.014335,0.000000,0.034881
47,1.000000,0.982852,1.000000,0.003359,0.052336,0.000000
45,0.992405,0.993696,1.000000,0.015309,0.076039,0.000000
46,0.995147,1.000000,1.000000,0.000000,0.000000,0.048952
47,0.992902,1.000000,1.000000,0.019327,0.000000,0.064947
45,0.986410,0.980208,1.000000,0.000000,0.024474,0.085505
46,0.991844,0.983552,0.992194,0.000000,0.019816,0.049347
47,0.994411,1.000000,1.000000,0.000000,0.000000,0.015840
47,0.991703,0.980272,0.993270,0.000000,0.000000,0.000000
47,0.984543,0.992599,1.000000,0.003389,0.098720,0.048951
46,0.992993,1.000000,1.000000,0.000000,0.000000,0.000000
47,0.995853,1.000000,1.000000,0.000000,0.000000,0.047089
47,1.000000,0.992357,1.000000,0.000000,0.000000,0.026937
47,0.994893,1.000000,1.000000,0.000000,0.065430,0.032326
48,0.989283,1.000000,0.997443,0.000000,0.043508,0.046374
47,0.994987,1.000000,1.000000,0.000000,0.000000,0.077903
47,0.990216,1.000000,0.993974,0.000000,0.000000,0.100455
46,0.993280,1.000000,0.991480,0.000000,0.014370,0.092862
46,0.988194,1.000000,0.999250,0.000000,0.085910,0.049202
47,0.995320,1.000000,1.000000,0.000000,0.000000,0.109261
47,0.993427,1.000000,0.997581,0.000000,0.000000,0.122326
46,0.992162,1.000000,0.993499,0.015926,0.071404,0.093317
47,0.993437,1.000000,0.991168,0.000000,0.084591,0.082220
47,0.993900,1.000000,1.000000,0.000000,0.000000,0.140338
47,0.999514,1.000000,1.000000,0.000000,0.013912,0.165382
47,1.000000,0.980244,0.996709,0.000000,0.000000,0.175767
48,0.999725,0.995552,0.995584,0.018405,0.094693,0.113780
47,0.995610,1.000000,1.000000,0.000000,0.000000,0.170901
47,1.000000,1.000000,0.994103,0.003933,0.018762,0.190952
47,1.000000,1.000000,1.000000,0.006121,0.043343,0.163657
46,1.000000,1.000000,1.000000,0.008169,0.048907,0.149654
47,0.994976,1.000000,1.000000,0.000000,0.000000,0.202337
48,0.991153,0.995397,1.000000,0.019723,0.090016,0.194941
46,0.986071,0.992258,0.995817,0.016264,0.079875,0.216541
47,1.000000,1.000000,0.999772,0.000000,0.000000,0.185101
47,0.993696,1.000000,1.000000,0.000000,0.009219,0.000000
47,0.988926,1.000000,1.000000,0.000000,0.000000,0.000000
46,1.000000,1.000000,1.000000,0.015385,0.069126,0.000000
46,0.988577,0.998886,0.998817,0.000000,0.049592,0.000000
47,0.993424,1.000000,1.000000,0.000000,0.231427,0.000000
47,0.993074,1.000000,1.000000,0.002266,0.285876,0.034642
48,0.992066,1.000000,1.000000,0.018187,0.210038,0.048653
46,0.995755,0.998339,0.994022,0.015492,0.209599,0.033166
47,0.995922,1.000000,1.000000,0.000000,0.995165,0.000000
47,0.987072,0.983693,0.997089,0.000000,1.000000,0.000000
47,0.997912,1.000000,1.000000,0.019979,1.000000,0.013000
48,0.995215,0.988590,1.000000,0.000000,1.000000,0.000000
47,0.995213,1.000000,1.000000,0.000000,0.751170,0.000000
46,0.993202,1.000000,0.993441,0.012734,0.743995,0.047841
46,0.994025,0.987080,1.000000,0.004715,0.680082,0.000000
46,0.989166,0.990576,0.993207,0.000000,0.701883,0.000000
47,0.994776,1.000000,1.000000,0.000000,0.371320,0.000000
47,1.000000,0.981159,0.994254,0.011250,0.306688,0.000000
47,1.000000,1.000000,1.000000,0.010909,0.406569,0.047637
47,0.996140,0.987773,1.000000,0.000506,0.341389,0.005949
47,0.994503,1.000000,1.000000,0.000000,0.639785,0.000000
48,0.995427,0.981775,0.998457,0.000000,0.664325,0.000000
46,0.999356,1.000000,1.000000,0.016282,0.640866,0.038385
47,0.991578,0.994032,1.000000,0.000000,0.568656,0.000000
47,0.996173,1.000000,1.000000,0.000000,0.753219,0.000000
47,0.999727,0.987370,1.000000,0.007416,0.696372,0.000000
48,0.992584,0.982472,1.000000,0.001701,0.788838,0.000000
47,0.988577,0.982404,0.999176,0.000000,0.831498,0.000000
47,0.996077,1.000000,1.000000,0.000000,1.000000,0.000000
47,1.000000,1.000000,0.990948,0.000000,1.000000,0.000000
47,0.997179,1.000000,0.997420,0.018944,1.000000,0.041997
46,1.000000,0.987591,0.997063,0.000000,0.994196,0.000000
47,0.996437,1.000000,1.000000,0.000000,0.937920,0.000000
48,1.000000,1.000000,0.999087,0.011258,0.919434,0.029605
46,0.987133,1.000000,1.000000,0.015254,0.998171,0.014378
48,1.000000,1.000000,1.000000,0.000000,0.882928,0.000000
47,0.994991,1.000000,1.000000,0.000000,0.818242,0.000000
48,1.000000,0.996219,1.000000,0.000000,0.879777,0.000000
47,0.989110,1.000000,0.992409,0.000000,0.771028,0.025156
46,0.999971,1.000000,0.996534,0.009300,0.813299,0.000000
47,0.994695,1.000000,1.000000,0.000000,1.000000,0.000000
46,0.998203,0.986747,1.000000,0.016736,1.000000,0.000000
46,0.991123,1.000000,1.000000,0.000000,0.907423,0.027180
48,0.995960,0.998293,0.991062,0.000000,0.925328,0.025639
47,0.995280,1.000000,1.000000,0.000000,1.000000,0.000000
48,0.985760,0.981889,0.992598,0.000000,1.000000,0.034783
48,0.989867,1.000000,1.000000,0.000000,1.000000,0.026595
46,0.994027,1.000000,1.000000,0.015367,0.938087,0.000000
47,0.994922,1.000000,1.000000,0.000000,0.877704,0.000000
48,0.986318,0.997417,0.991164,0.013241,0.782369,0.000000
48,1.000000,0.997729,0.994611,0.000000,0.778499,0.021105
48,0.996018,1.000000,1.000000,0.000000,0.799150,0.009326
47,0.996040,1.000000,1.000000,0.000000,0.802023,0.000000
48,0.989679,1.000000,1.000000,0.000000,0.724604,0.000000
48,0.997448,0.982938,1.000000,0.000000,0.738025,0.023566
48,0.995511,0.989493,0.993835,0.003326,0.807952,0.000000
47,0.993868,1.000000,1.000000,0.000000,0.752890,0.000000
48,0.995486,0.986948,1.000000,0.000000,0.662572,0.024998
46,0.988360,0.996348,0.993953,0.000000,0.801245,0.042766
48,0.992964,0.987879,1.000000,0.010603,0.819384,0.008802
47,0.996219,1.000000,1.000000,0.000000,0.442929,0.000000
47,0.999212,1.000000,1.000000,0.018418,0.484560,0.029186
48,0.987829,1.000000,1.000000,0.000000,0.429028,0.000000
47,0.990128,1.000000,1.000000,0.006395,0.390037,0.000000
47,0.995948,1.000000,1.000000,0.000000,0.958620,0.000000
46,0.993102,1.000000,0.999906,0.015314,0.999141,0.000000
48,1.000000,1.000000,0.990834,0.016177,0.948662,0.000000
48,1.000000,1.000000,1.000000,0.000000,0.915440,0.000000
47,0.994050,1.000000,1.000000,0.000000,0.577012,0.000000
48,0.986267,1.000000,0.999179,0.000000,0.543601,0.034813
48,0.999716,0.985609,1.000000,0.004941,0.671754,0.000000
48,0.997927,0.999402,0.991549,0.000000,0.621684,0.000000
47,0.995321,1.000000,1.000000,0.000000,0.500230,0.000000
46,0.993215,0.998460,0.992363,0.015819,0.589517,0.000000
48,0.988206,0.996566,1.000000,0.007720,0.547383,0.000000
47,1.000000,0.987081,1.000000,0.000000,0.436997,0.000000
47,0.996481,1.000000,1.000000,0.000000,0.872406,0.000000
46,0.994420,0.987157,1.000000,0.000000,0.820707,0.019917
48,0.990296,1.000000,1.000000,0.000000,0.880278,0.000000
47,0.987540,0.999174,1.000000,0.000000,0.960624,0.000000
47,0.994040,1.000000,1.000000,0.000000,0.874481,0.000000
47,1.000000,0.992412,0.999261,0.000000,0.906917,0.003126
47,0.999016,0.989330,0.995776,0.002583,0.924482,0.037676
47,0.991480,1.000000,1.000000,0.000000,0.886095,0.000000
47,0.995568,1.000000,1.000000,0.000000,0.933453,0.000000
47,0.990617,1.000000,0.994544,0.000000,0.973639,0.017266
48,0.996958,0.985113,0.995735,0.000000,0.865810,0.044986
48,1.000000,0.984939,1.000000,0.000000,0.841975,0.000000
47,0.994875,1.000000,1.000000,0.000000,0.000000,0.022235
46,1.000000,0.999759,0.993881,0.000000,0.099333,0.051499
47,0.987730,1.000000,1.000000,0.000000,0.000000,0.020496
48,0.995880,0.980447,0.999312,0.000000,0.037206,0.067912
47,0.993968,1.000000,1.000000,0.000000,0.211203,0.000000
48,1.000000,0.985799,0.999697,0.000000,0.276300,0.000000
46,0.993209,1.000000,1.000000,0.000000,0.161134,0.001553
47,0.985616,1.000000,0.994279,0.000000,0.266448,0.038882
47,0.995234,1.000000,1.000000,0.000000,0.467223,0.000000
48,0.986075,0.993154,1.000000,0.000000,0.435285,0.033480
47,0.996841,0.991570,0.999728,0.007724,0.483701,0.020447
48,0.991633,1.000000,0.992192,0.000000,0.440294,0.000000
47,0.995560,1.000000,1.000000,0.000000,0.292320,0.000000
46,1.000000,0.994902,0.990827,0.002000,0.265409,0.033802
47,0.988795,1.000000,0.999559,0.010717,0.378558,0.049020
46,1.000000,0.992683,0.996571,0.015007,0.211710,0.000000
47,0.995237,1.000000,1.000000,0.000000,1.000000,0.000000
46,0.989809,1.000000,1.000000,0.000369,1.000000,0.000000
48,1.000000,1.000000,0.993637,0.000000,1.000000,0.037834
46,0.995061,1.000000,1.000000,0.000000,1.000000,0.012256
47,0.994871,1.000000,1.000000,0.000000,0.119818,0.000000
48,0.988873,0.992382,0.996800,0.000000,0.142713,0.008312
46,0.986671,0.999899,0.998154,0.006086,0.120882,0.009544
46,0.999969,1.000000,1.000000,0.000000,0.204790,0.012973
47,0.995943,1.000000,1.000000,0.000000,0.024883,0.000000
47,1.000000,0.999968,0.997390,0.003533,0.000000,0.000000
47,1.000000,0.984694,1.000000,0.005791,0.000000,0.003678
47,1.000000,0.993258,1.000000,0.002245,0.121519,0.023596
47,0.994861,1.000000,1.000000,0.000000,0.018806,0.000000
46,0.988344,1.000000,1.000000,0.000000,0.018455,0.000000
48,0.990701,1.000000,0.996083,0.004800,0.000000,0.000649
48,1.000000,1.000000,0.990410,0.011261,0.048524,0.012028
47,0.994942,1.000000,1.000000,0.000000,0.051692,0.000000
47,0.998810,1.000000,0.991805,0.012158,0.000000,0.000000
46,0.988943,1.000000,1.000000,0.000000,0.101603,0.044452
47,0.991986,1.000000,0.998483,0.007100,0.044493,0.029002
47,0.994183,1.000000,1.000000,0.000000,0.496111,0.000000
46,1.000000,1.000000,0.994305,0.012511,0.459653,0.024575
46,0.993586,1.000000,1.000000,0.000000,0.529135,0.000000
46,0.986646,0.985212,0.995277,0.011377,0.577851,0.000193
47,0.994688,1.000000,1.000000,0.000000,1.000000,0.000000
47,1.000000,0.997856,0.992435,0.010743,1.000000,0.000000
47,1.000000,0.982433,1.000000,0.000000,1.000000,0.000000
47,0.999998,1.000000,0.990511,0.000000,0.925828,0.035408
47,0.994939,1.000000,1.000000,0.000000,0.356071,0.000000
48,0.992661,0.992888,1.000000,0.016608,0.383400,0.017393
46,0.992934,1.000000,0.995242,0.000000,0.297218,0.030033
46,0.988604,1.000000,1.000000,0.000000,0.260146,0.004276
47,0.995049,1.000000,1.000000,0.000000,0.000000,0.007037
48,0.987049,0.986943,0.997696,0.000000,0.000000,0.027738
48,1.000000,1.000000,0.998441,0.000000,0.000000,0.001630
48,0.999066,1.000000,0.998059,0.000000,0.065861,0.045391
47,0.994075,1.000000,1.000000,0.000000,0.000000,0.025191
47,0.994829,0.982146,1.000000,0.002398,0.000000,0.000000
46,0.993425,1.000000,0.999646,0.013504,0.091154,0.074302
47,0.994634,0.995484,0.992652,0.003704,0.012312,0.067310
47,0.994044,1.000000,1.000000,0.000000,0.000000,0.026936
46,0.997448,0.994633,0.996745,0.000000,0.097953,0.070263
46,0.998595,1.000000,0.994436,0.000000,0.000000,0.028038
48,0.989814,1.000000,0.990717,0.000000,0.001794,0.068618
47,0.995550,1.000000,1.000000,0.000000,0.000000,0.001987
46,0.999650,0.982078,0.990273,0.000000,0.000000,0.041527
48,0.994186,1.000000,0.999631,0.000000,0.000000,0.039271
47,0.992602,1.000000,0.992792,0.014591,0.000000,0.030340
47,0.996834,1.000000,1.000000,0.000000,0.000000,0.032967
47,0.993176,1.000000,0.998377,0.000000,0.086084,0.002525
47,0.992858,1.000000,0.996830,0.005817,0.000000,0.076552
48,1.000000,0.997480,1.000000,0.000000,0.035638,0.053349
47,0.994143,1.000000,1.000000,0.000000,0.000000,0.002772
48,1.000000,1.000000,1.000000,0.007739,0.000000,0.000000
46,0.991229,1.000000,1.000000,0.000000,0.000000,0.034467
48,0.999164,1.000000,1.000000,0.000000,0.099592,0.000000
47,0.995796,1.000000,1.000000,0.000000,0.000000,0.033656
47,1.000000,0.984799,0.999961,0.001567,0.000000,0.031431
47,0.992975,1.000000,0.997018,0.019105,0.032190,0.028823
47,1.000000,1.000000,1.000000,0.012022,0.000000,0.060448
47,0.994634,1.000000,1.000000,0.000000,0.009612,0.000000
48,0.986826,1.000000,0.997365,0.005841,0.000000,0.021486
47,0.991899,0.998963,1.000000,0.000000,0.000000,0.000000
46,1.000000,1.000000,0.993258,0.018670,0.000000,0.025794
47,0.995186,1.000000,1.000000,0.000000,0.009062,0.000000
47,0.986044,1.000000,0.996497,0.005060,0.069502,0.000000
47,0.994942,1.000000,1.000000,0.000000,0.047843,0.000000
46,1.000000,1.000000,1.000000,0.015280,0.034903,0.002364
47,0.994880,1.000000,1.000000,0.000000,0.000000,0.021470
46,0.994021,0.984014,1.000000,0.000000,0.000000,0.000000
48,0.988996,0.998211,0.991079,0.000000,0.016949,0.036966
47,0.995334,0.999784,0.998848,0.000000,0.000000,0.050948
47,0.994690,1.000000,1.000000,0.000000,0.000000,0.008113
48,0.986874,0.997004,1.000000,0.000000,0.069517,0.042676
47,1.000000,1.000000,0.994231,0.000431,0.035262,0.010011
48,0.986457,1.000000,1.000000,0.000000,0.078464,0.039240
47,0.994933,1.000000,1.000000,0.000000,0.210256,0.000000
47,1.000000,1.000000,0.996790,0.000000,0.189291,0.007674
47,0.994249,0.984165,1.000000,0.000000,0.298198,0.029381
48,0.990791,1.000000,1.000000,0.019474,0.305729,0.000000
47,0.995018,1.000000,1.000000,0.000000,0.453879,0.000000
46,0.996745,0.991595,1.000000,0.008074,0.429101,0.000000
46,0.993112,1.000000,0.992887,0.019520,0.370205,0.005959
47,0.993167,1.000000,1.000000,0.019533,0.372764,0.000000
47,0.994537,1.000000,1.000000,0.000000,0.247184,0.000000
48,1.000000,1.000000,0.990195,0.000000,0.252275,0.000000
46,0.998594,0.984949,0.998638,0.000000,0.340945,0.000000
48,1.000000,1.000000,0.996648,0.004147,0.274518,0.007118
47,0.994412,1.000000,1.000000,0.000000,0.507771,0.000000
47,0.998616,1.000000,1.000000,0.000000,0.483524,0.001515
47,0.992861,1.000000,1.000000,0.015513,0.544424,0.000000
46,0.994127,0.991415,1.000000,0.014293,0.453692,0.048278
47,0.995637,1.000000,1.000000,0.000000,0.470254,0.000000
46,1.000000,0.993170,1.000000,0.000000,0.514959,0.022189
47,0.989028,1.000000,0.995587,0.000000,0.402593,0.000000
48,0.993579,1.000000,0.998300,0.006779,0.507907,0.000000
47,0.995505,1.000000,1.000000,0.000000,0.407501,0.000000
48,0.988332,1.000000,0.990165,0.013207,0.362142,0.008672
47,0.990854,0.985836,1.000000,0.015228,0.320498,0.000000
48,0.989854,0.985439,1.000000,0.000000,0.500920,0.017166
47,0.995981,1.000000,1.000000,0.000000,0.798920,0.000000
47,1.000000,1.000000,0.995386,0.010460,0.709648,0.022117
48,0.993345,1.000000,1.000000,0.000000,0.842892,0.042385
47,1.000000,1.000000,0.998938,0.014780,0.729826,0.007767
47,0.995471,1.000000,1.000000,0.000000,0.612373,0.000000
46,0.987565,1.000000,0.997050,0.000000,0.541747,0.042823
46,0.992804,0.989452,1.000000,0.003855,0.586416,0.022163
46,0.998943,1.000000,0.998047,0.000000,0.525863,0.021195
47,0.994679,1.000000,1.000000,0.000000,0.403559,0.000000
47,0.996862,0.991228,0.992494,0.003206,0.496560,0.037765
46,0.988037,1.000000,1.000000,0.004204,0.475858,0.000000
47,0.984701,0.998466,0.991745,0.000000,0.447138,0.000000
47,0.994992,1.000000,1.000000,0.000000,0.741553,0.000000
46,0.993989,0.993216,0.992080,0.007312,0.741406,0.000000
46,0.987472,1.000000,0.999155,0.000000,0.820324,0.028250
48,0.999305,1.000000,0.999184,0.010250,0.671657,0.011789
47,0.996318,1.000000,1.000000,0.000000,0.728596,0.000000
47,0.999975,1.000000,1.000000,0.000000,0.771403,0.032687
48,0.997233,0.985723,0.992364,0.000000,0.639941,0.000000
47,0.988802,1.000000,1.000000,0.011658,0.820299,0.000153
47,0.993861,1.000000,1.000000,0.000000,0.928923,0.000000
47,0.997338,0.987600,0.993760,0.019648,0.854288,0.000000
47,0.989254,0.995083,0.993365,0.000000,1.000000,0.031760
47,0.991304,0.981449,0.999128,0.008647,0.881595,0.036695
47,0.995390,1.000000,1.000000,0.000000,0.541003,0.000000
47,1.000000,0.992750,1.000000,0.000000,0.500540,0.047122
47,0.997219,0.990198,0.991758,0.000000,0.543167,0.030915
48,0.996573,0.986522,0.991460,0.000000,0.485287,0.000000
47,0.995921,1.000000,1.000000,0.000000,0.075705,0.000000
46,0.991472,1.000000,0.992536,0.000000,0.122160,0.000000
46,0.995131,1.000000,1.000000,0.017459,0.160327,0.000000
48,0.992445,1.000000,1.000000,0.003165,0.161191,0.002245
47,0.995894,1.000000,1.000000,0.000000,0.398323,0.000000
46,0.996876,0.980028,1.000000,0.000000,0.486336,0.000000
47,0.995877,0.982195,0.994916,0.000000,0.455981,0.023767
48,0.998175,0.982974,1.000000,0.017285,0.472997,0.000000
47,0.994413,1.000000,1.000000,0.000000,0.405758,0.000000
46,1.000000,0.992114,1.000000,0.000000,0.464236,0.000000
48,0.994138,1.000000,0.991715,0.000000,0.428512,0.029439
46,0.998388,0.999427,0.992041,0.001872,0.477608,0.015128
47,0.993903,1.000000,1.000000,0.000000,0.683435,0.000000
46,1.000000,1.000000,1.000000,0.000000,0.665472,0.000000
46,0.995603,1.000000,0.990635,0.000000,0.735163,0.000000
47,0.987255,0.983188,0.990887,0.000000,0.703686,0.000000
47,0.995279,1.000000,1.000000,0.000000,0.172878,0.000000
46,0.988294,1.000000,1.000000,0.013594,0.080166,0.029810
46,0.993062,0.994701,0.999713,0.000000,0.091734,0.000000
46,1.000000,0.999398,0.991815,0.000000,0.108048,0.038415
47,0.995513,1.000000,1.000000,0.000000,0.004609,0.000000
48,0.985987,1.000000,1.000000,0.017856,0.000000,0.010288
47,0.998315,0.997869,0.990930,0.000000,0.073371,0.027502
46,0.999379,0.992854,0.992890,0.000000,0.023290,0.039862
47,0.995770,1.000000,1.000000,0.000000,0.048015,0.000000
48,0.990622,1.000000,1.000000,0.000000,0.098078,0.013295
46,0.986616,1.000000,1.000000,0.000000,0.022140,0.000000
48,0.986197,1.000000,1.000000,0.000000,0.000000,0.013867
47,0.994379,1.000000,1.000000,0.000000,0.009493,0.000000
48,1.000000,0.983951,1.000000,0.000000,0.097357,0.000000
48,0.989266,0.999166,1.000000,0.004769,0.000000,0.000000
47,0.987160,0.990832,1.000000,0.000000,0.000000,0.000000
47,0.994173,1.000000,1.000000,0.000000,0.000000,0.008003
48,1.000000,1.000000,1.000000,0.004171,0.080768,0.000000
46,0.988061,1.000000,1.000000,0.000000,0.000000,0.000000
48,0.986192,0.987587,0.995449,0.007757,0.076152,0.003477
47,0.995187,1.000000,1.000000,0.000000,0.000000,0.029395
48,0.995390,1.000000,0.994998,0.000618,0.047899,0.000000
48,1.000000,1.000000,1.000000,0.011446,0.081036,0.004139
46,1.000000,1.000000,0.991884,0.000000,0.000000,0.008577
47,0.995783,1.000000,1.000000,0.000000,0.000000,0.059999
46,1.000000,0.999303,1.000000,0.000000,0.060542,0.059965
48,0.994065,0.982914,1.000000,0.000000,0.070548,0.079988
46,0.987213,0.994459,1.000000,0.000000,0.000000,0.108144
47,0.995588,1.000000,1.000000,0.000000,0.013379,0.000000
48,0.989578,0.983662,1.000000,0.000000,0.000000,0.039593
48,0.995853,1.000000,0.993898,0.000000,0.096595,0.000000
48,1.000000,1.000000,1.000000,0.000000,0.000000,0.023686
47,0.993929,1.000000,1.000000,0.000000,0.011399,0.000000
48,0.991760,1.000000,1.000000,0.000000,0.000000,0.042356
48,0.999451,0.992282,0.995684,0.000000,0.029660,0.000000
46,0.997656,0.982719,1.000000,0.005925,0.056201,0.000402
47,0.995133,1.000000,1.000000,0.000000,0.000000,0.009986
48,0.998793,1.000000,1.000000,0.013698,0.090137,0.000000
47,1.000000,0.983002,1.000000,0.000000,0.018653,0.009106
48,0.994636,1.000000,0.996327,0.000000,0.010989,0.000000
47,0.995717,1.000000,1.000000,0.000000,0.008245,0.000000
46,0.986890,0.992257,1.000000,0.000000,0.089356,0.000000
47,0.992668,0.995457,1.000000,0.000000,0.000000,0.038316
48,0.990671,0.988393,1.000000,0.000000,0.023923,0.000000
47,0.995291,1.000000,1.000000,0.000000,0.019664,0.000000
47,1.000000,0.989184,0.995688,0.000000,0.078085,0.000000
46,0.991802,1.000000,0.995903,0.000000,0.000000,0.000000
48,0.999195,0.980659,1.000000,0.016284,0.091914,0.024997
47,0.994192,1.000000,1.000000,0.000000,0.011523,0.000000
48,0.989025,0.981028,0.990115,0.000000,0.000000,0.016788
46,0.984355,1.000000,0.996897,0.000000,0.005840,0.000000
48,0.988894,1.000000,1.000000,0.000000,0.087286,0.018353
47,0.993623,1.000000,1.000000,0.000000,0.005153,0.000000
46,0.991149,1.000000,1.000000,0.000000,0.000000,0.011961
48,0.988755,1.000000,0.994296,0.016969,0.072307,0.005710
48,0.993942,1.000000,1.000000,0.000000,0.061744,0.014282
47,0.995857,1.000000,1.000000,0.000000,0.002266,0.000000
46,1.000000,1.000000,0.994290,0.011269,0.045770,0.000000
47,0.988450,1.000000,1.000000,0.019398,0.033938,0.004248
47,0.992955,1.000000,0.990994,0.007508,0.000000,0.036763
47,0.995304,1.000000,1.000000,0.000000,0.007177,0.000000
47,1.000000,0.990443,1.000000,0.007690,0.000000,0.000000
47,0.989537,1.000000,1.000000,0.002963,0.048317,0.024122
46,1.000000,0.988102,0.992242,0.000000,0.000000,0.000000
47,0.995847,1.000000,1.000000,0.000000,0.000000,0.016264
48,0.987898,1.000000,1.000000,0.013798,0.014124,0.038838
47,1.000000,0.998343,0.997757,0.000000,0.087582,0.048600
48,0.994266,0.988486,1.000000,0.000000,0.000000,0.000000
47,0.994642,1.000000,1.000000,0.000000,0.000000,0.019273
48,0.994172,1.000000,1.000000,0.000000,0.000000,0.019334
46,0.995630,0.986048,1.000000,0.001044,0.000000,0.060318
48,0.999229,0.988652,1.000000,0.000000,0.064970,0.059163
47,0.995331,1.000000,1.000000,0.000000,0.000000,0.008001
47,1.000000,1.000000,0.995982,0.012118,0.000000,0.047472
48,0.991999,0.989588,1.000000,0.000000,0.000000,0.001472
46,1.000000,1.000000,1.000000,0.000000,0.076374,0.000000
47,0.994761,1.000000,1.000000,0.000000,0.000000,0.038951
47,0.996272,0.987089,1.000000,0.000000,0.074413,0.032711
47,1.000000,0.985535,1.000000,0.009019,0.069938,0.074640
48,0.992769,0.983956,1.000000,0.000000,0.006173,0.020728
47,0.995561,1.000000,1.000000,0.000000,0.000000,0.069647
46,1.000000,1.000000,1.000000,0.017191,0.077635,0.107966
47,0.985996,0.981875,0.997061,0.000000,0.038254,0.031385
48,1.000000,0.981467,1.000000,0.003238,0.048030,0.056888
47,0.994900,1.000000,1.000000,0.000000,0.000000,0.011967
48,0.996179,1.000000,0.992115,0.000000,0.026975,0.000000
47,1.000000,0.993863,1.000000,0.000000,0.000000,0.000000
46,0.996263,0.981316,1.000000,0.000000,0.000000,0.000000
47,0.994227,1.000000,1.000000,0.000000,0.000000,0.043395
46,0.991468,1.000000,0.990968,0.002965,0.077835,0.054090
48,0.997648,0.982003,1.000000,0.000000,0.000000,0.068521
48,0.992649,0.995953,1.000000,0.000000,0.000000,0.063395
47,0.996177,1.000000,1.000000,0.000000,0.000000,0.074058
47,1.000000,0.988476,0.997259,0.012861,0.000000,0.070634
46,1.000000,0.995323,1.000000,0.000000,0.011183,0.113639
46,0.987216,1.000000,1.000000,0.015265,0.000000,0.085341
47,0.994897,1.000000,1.000000,0.000000,0.000000,0.105149
46,0.996230,1.000000,1.000000,0.000000,0.093875,0.138709
47,0.986485,0.988257,0.992633,0.003083,0.000000,0.100086
46,0.992318,1.000000,0.997762,0.013085,0.030411,0.128317
47,0.994302,1.000000,1.000000,0.000000,0.000000,0.135953
48,1.000000,1.000000,0.999548,0.009800,0.000000,0.133392
46,0.990404,1.000000,0.997155,0.000000,0.000000,0.148641
47,0.987963,1.000000,1.000000,0.000000,0.091953,0.140318
47,0.994527,1.000000,1.000000,0.000000,0.000000,0.166957
48,1.000000,1.000000,0.994902,0.000000,0.082246,0.200128
46,0.991466,0.986069,1.000000,0.014376,0.031188,0.157899
47,1.000000,0.992017,0.993898,0.019607,0.066822,0.192096
47,0.995044,1.000000,1.000000,0.000000,0.000000,0.198371
47,1.000000,1.000000,1.000000,0.000000,0.033927,0.192716
47,0.999157,0.988765,1.000000,0.010757,0.000000,0.170076
48,0.986243,1.000000,1.000000,0.011689,0.083090,0.197045
47,0.995398,1.000000,1.000000,0.000000,0.000000,0.229216
47,0.992061,1.000000,1.000000,0.000000,0.012848,0.238983
46,1.000000,1.000000,0.992845,0.000000,0.000000,0.185369
47,1.000000,0.982380,1.000000,0.000000,0.000000,0.247599
47,0.995057,1.000000,1.000000,0.000000,0.000000,0.000955
48,0.994441,1.000000,0.990231,0.000000,0.020179,0.016660
48,0.990047,0.986754,0.991410,0.001158,0.059996,0.000000
47,0.988499,1.000000,0.990370,0.000000,0.019475,0.000340
47,0.994136,1.000000,1.000000,0.000000,0.000000,0.031983
46,0.991057,1.000000,1.000000,0.000000,0.001229,0.047091
47,0.985346,1.000000,1.000000,0.001130,0.023229,0.000000
47,0.994251,0.983019,0.990047,0.000000,0.000000,0.073473
47,0.994303,1.000000,1.000000,0.000000,0.000000,0.062917
48,0.991921,1.000000,1.000000,0.005570,0.000000,0.079386
47,0.988461,1.000000,0.993383,0.013042,0.087302,0.039469
47,1.000000,0.985444,0.996438,0.000000,0.033800,0.029350
47,0.996623,1.000000,1.000000,0.000000,0.000000,0.021003
46,1.000000,1.000000,1.000000,0.000000,0.021786,0.000000
47,1.000000,0.991752,1.000000,0.007943,0.003586,0.000000
48,0.996235,1.000000,0.998967,0.012759,0.063754,0.015913
47,0.995788,1.000000,1.000000,0.000000,0.000000,0.051989
46,0.999971,0.985578,1.000000,0.001951,0.082015,0.069928
47,0.999244,0.996763,0.997729,0.000000,0.078992,0.011533
48,0.998936,0.982618,0.997112,0.017109,0.026292,0.091930
47,0.995646,1.000000,1.000000,0.000000,0.000000,0.083481
48,0.991435,0.998786,1.000000,0.000000,0.000000,0.122143
48,0.994283,0.981972,0.991251,0.000000,0.089970,0.102556
47,0.994690,1.000000,1.000000,0.007241,0.049290,0.045917
47,0.993659,1.000000,1.000000,0.000000,0.000000,0.114419
47,0.990780,0.980573,1.000000,0.000227,0.000000,0.100976
48,0.992460,1.000000,0.996301,0.016191,0.072465,0.151000
46,0.987828,1.000000,0.995622,0.015080,0.088439,0.072277
47,0.994834,1.000000,1.000000,0.000000,0.000000,0.145167
46,0.986505,1.000000,1.000000,0.002138,0.006034,0.131415
48,0.996409,1.000000,0.992427,0.000000,0.061304,0.170874
46,0.989585,0.987022,1.000000,0.016790,0.000000,0.159755
47,0.994771,1.000000,1.000000,0.000000,0.000000,0.176484
46,0.990190,1.000000,1.000000,0.016353,0.000000,0.226317
47,1.000000,1.000000,0.994544,0.000000,0.000000,0.131395
46,0.992520,0.998026,0.994524,0.000000,0.000000,0.207647
47,0.994938,1.000000,1.000000,0.000000,0.000000,0.206984
46,0.996650,0.994414,1.000000,0.003140,0.096013,0.189634
46,1.000000,0.992895,0.991163,0.000000,0.000000,0.166318
46,0.996055,0.983199,0.993215,0.000000,0.000000,0.202783
47,0.994336,1.000000,1.000000,0.000000,0.002305,0.000000
47,0.996815,0.989868,1.000000,0.001353,0.055188,0.027844
47,0.996946,1.000000,1.000000,0.000000,0.079855,0.021391
48,1.000000,0.982700,0.998787,0.000088,0.000000,0.000000
47,0.995024,1.000000,1.000000,0.000000,0.000000,0.012976
48,1.000000,0.996667,0.990110,0.016498,0.000000,0.059933
46,0.990718,0.987064,0.993102,0.010864,0.000000,0.000000
48,0.986778,0.988269,0.999827,0.014566,0.000000,0.060690
47,0.995132,1.000000,1.000000,0.000000,0.000000,0.003720
48,0.989466,1.000000,0.993683,0.008165,0.000000,0.000000
46,0.986214,0.997618,0.997841,0.000000,0.000000,0.000000
47,0.985481,0.999810,1.000000,0.016287,0.013581,0.000000
47,0.994807,1.000000,1.000000,0.000000,0.000000,0.002989
47,0.999696,1.000000,1.000000,0.000000,0.061049,0.000000
48,0.987416,1.000000,0.995636,0.018489,0.000000,0.002642
46,1.000000,1.000000,0.999596,0.000000,0.000000,0.017872
47,0.993384,1.000000,1.000000,0.000000,0.000000,0.034444
46,0.994385,1.000000,1.000000,0.000000,0.000000,0.074504
47,0.993948,1.000000,0.995406,0.017649,0.056759,0.047922
47,1.000000,0.987960,0.991971,0.000000,0.000000,0.039664
47,0.994569,1.000000,1.000000,0.000000,0.000000,0.064952
46,0.986771,0.989348,1.000000,0.000000,0.000000,0.109885
48,0.987509,0.990174,0.992783,0.004214,0.085191,0.033035
48,1.000000,0.992717,0.997305,0.018403,0.000000,0.021876
47,0.996190,1.000000,1.000000,0.000000,0.000000,0.096225
47,0.988085,1.000000,1.000000,0.000000,0.067506,0.142039
46,1.000000,0.994657,1.000000,0.016241,0.097683,0.100356
48,1.000000,1.000000,0.996591,0.013704,0.000000,0.124007
47,0.995256,1.000000,1.000000,0.000000,0.000000,0.127113
46,0.995707,1.000000,1.000000,0.011005,0.037162,0.090662
47,0.991936,0.990809,1.000000,0.001672,0.000000,0.169202
48,0.998306,1.000000,0.997189,0.007131,0.088912,0.121322
47,0.994547,1.000000,1.000000,0.000000,0.000000,0.158381
47,1.000000,0.983007,0.991956,0.011796,0.000000,0.131997
48,0.996108,1.000000,0.991259,0.006059,0.047389,0.112533
46,0.998198,1.000000,0.998475,0.002809,0.086176,0.164496
47,0.994334,1.000000,1.000000,0.000000,0.000000,0.189146
48,1.000000,1.000000,1.000000,0.012808,0.099076,0.190486
47,0.996470,0.988158,0.995435,0.002488,0.057054,0.215774
48,0.995816,0.996166,0.999948,0.005782,0.021947,0.204283
47,0.995258,1.000000,1.000000,0.000000,0.000000,0.219945
47,1.000000,1.000000,1.000000,0.018135,0.000000,0.260808
48,1.000000,1.000000,1.000000,0.010442,0.000000,0.230117
46,1.000000,0.981790,0.999491,0.013092,0.084220,0.236023
47,0.995133,1.000000,1.000000,0.000000,0.000000,0.251399
48,1.000000,0.999353,1.000000,0.003698,0.000000,0.242502
47,0.987258,1.000000,0.994290,0.000000,0.041890,0.285081
46,0.989243,1.000000,0.996642,0.000000,0.025057,0.260657
47,0.995524,1.000000,1.000000,0.000000,0.000000,0.282353
48,0.997421,1.000000,0.998633,0.000000,0.047397,0.252454
48,0.989149,1.000000,1.000000,0.006483,0.018735,0.255187
47,0.989787,1.000000,0.999139,0.000000,0.000000,0.247679
0,0.056217,0.000000,0.000000,0.000000,0.000000,0.028256
1,0.057258,0.004734,0.000000,0.013773,0.000000,0.025917
0,0.051725,0.000000,0.000000,0.000000,0.000000,0.003003
0,0.057490,0.001842,0.000000,0.000000,0.000000,0.000000
0,0.006480,0.000000,0.000000,0.000000,0.000000,0.059258
0,0.011214,0.010337,0.000000,0.005067,0.000000,0.052299
1,0.003526,0.000242,0.000000,0.000000,0.000000,0.103276
0,0.010193,0.000000,0.000000,0.017211,0.000000,0.000000
0,0.004601,0.000000,0.000000,0.000000,0.000000,0.090249
1,0.000000,0.000000,0.000000,0.000000,0.000000,0.178798
0,0.005401,0.000000,0.000000,0.013208,0.000000,0.054018
0,0.006110,0.000000,0.000000,0.008440,0.000000,0.132609
0,0.004178,0.000000,0.000000,0.000000,0.000000,0.121247
0,0.006289,0.019065,0.000000,0.000000,0.000000,0.196308
0,0.008202,0.000117,0.000000,0.011361,0.000000,0.088886
1,0.005210,0.000000,0.000000,0.005451,0.000000,0.072012
0,0.005885,0.000000,0.000000,0.000000,0.000000,0.152249
1,0.003324,0.017523,0.000000,0.000000,0.000000,0.082334
0,0.010713,0.005980,0.000000,0.001393,0.000000,0.097477
0,0.005680,0.004882,0.000000,0.013273,0.000000,0.089489
0,0.004832,0.000000,0.000000,0.000000,0.000000,0.183235
1,0.001145,0.000000,0.000000,0.003726,0.000000,0.126492
1,0.008069,0.000000,0.000000,0.006974,0.000000,0.098240
1,0.001422,0.000000,0.000000,0.000000,0.000000,0.147431
0,0.004964,0.000000,0.000000,0.000000,0.000000,0.214254
0,0.004830,0.000000,0.000000,0.016175,0.000000,0.270923
0,0.004018,0.000000,0.000000,0.005847,0.000000,0.266177
0,0.003558,0.003771,0.000000,0.013910,0.000000,0.166472
0,0.004775,0.000000,0.000000,0.000000,0.000000,0.245257
1,0.003767,0.019440,0.000000,0.011298,0.000000,0.277356
1,0.002108,0.000000,0.000000,0.000212,0.000000,0.173739
1,0.008769,0.005914,0.000000,0.017793,0.000000,0.258351
0,0.006368,0.000000,0.000000,0.000000,0.000000,0.276249
0,0.002898,0.007086,0.000000,0.007058,0.000000,0.197742
0,0.010883,0.005499,0.000000,0.008867,0.000000,0.257438
0,0.007420,0.000000,0.000000,0.000000,0.000000,0.258432
0,0.005489,0.000000,0.000000,0.000000,0.000000,0.307250
0,0.002969,0.000000,0.000000,0.000000,0.000000,0.276155
0,0.010112,0.000000,0.000000,0.000000,0.000000,0.386951
0,0.007235,0.012030,0.000000,0.016583,0.000000,0.249835
0,0.005531,0.000000,0.000000,0.000000,0.000000,0.338248
0,0.010049,0.007927,0.000000,0.004289,0.000000,0.331384
0,0.000645,0.008806,0.000000,0.000000,0.000000,0.427017
1,0.008254,0.002684,0.000000,0.000000,0.000000,0.423532
0,0.005094,0.000000,0.000000,0.000000,0.000000,0.369263
0,0.000849,0.000000,0.000000,0.003285,0.000000,0.309608
0,0.005320,0.000000,0.000000,0.019193,0.000000,0.421273
1,0.006183,0.013175,0.000000,0.000000,0.000000,0.277568
0,0.005724,0.000000,0.000000,0.000000,0.000000,0.400255
1,0.009841,0.004601,0.000000,0.000000,0.000000,0.433650
0,0.001048,0.000000,0.000000,0.000000,0.000000,0.489909
1,0.010288,0.002537,0.000000,0.000000,0.000000,0.304766
0,0.004206,0.000000,0.000000,0.000000,0.000000,0.431247
1,0.002877,0.000000,0.000000,0.000000,0.000000,0.385409
0,0.000928,0.004932,0.000000,0.000000,0.000000,0.396988
1,0.003799,0.000000,0.000000,0.000000,0.000000,0.463321
0,0.004570,0.000000,0.000000,0.000000,0.000000,0.462256
1,0.007638,0.000619,0.000000,0.016349,0.000000,0.493284
1,0.004410,0.000000,0.000000,0.000000,0.000000,0.513500
0,0.008272,0.000000,0.000000,0.000000,0.000000,0.425710
0,0.005116,0.000000,0.000000,0.000000,0.000000,0.493254
0,0.008318,0.000000,0.000000,0.000000,0.000000,0.519695
0,0.006749,0.000000,0.000000,0.000000,0.000000,0.465416
0,0.003831,0.000000,0.000000,0.015749,0.000000,0.412229
0,0.005364,0.000000,0.000000,0.000000,0.000000,0.524246
1,0.000436,0.000000,0.000000,0.016294,0.000000,0.492010
0,0.002905,0.009819,0.000000,0.005885,0.000000,0.447609
0,0.007386,0.000000,0.000000,0.000000,0.000000,0.614296
0,0.005918,0.000000,0.000000,0.000000,0.000000,0.555249
0,0.002163,0.000000,0.000000,0.000000,0.000000,0.494635
1,0.001823,0.000000,0.000000,0.006818,0.000000,0.493987
1,0.008481,0.013456,0.000000,0.000000,0.000000,0.545461
0,0.004468,0.000000,0.000000,0.000000,0.000000,0.586248
0,0.002603,0.000000,0.000000,0.000000,0.000000,0.656057
1,0.000000,0.000000,0.000000,0.000000,0.000000,0.614433
0,0.005491,0.001902,0.000000,0.008828,0.000000,0.590221
0,0.005647,0.000000,0.000000,0.000000,0.000000,0.617261
0,0.009072,0.001815,0.000000,0.000000,0.000000,0.712283
1,0.006949,0.006159,0.000000,0.000000,0.000000,0.694259
0,0.004920,0.000000,0.000000,0.000000,0.000000,0.519662
0,0.004921,0.000000,0.000000,0.000000,0.000000,0.648281
0,0.008579,0.000000,0.000000,0.000000,0.000000,0.590812
0,0.004229,0.010584,0.000000,0.001305,0.000000,0.669262
1,0.003536,0.000000,0.000000,0.010344,0.000000,0.715736
0,0.006452,0.000000,0.000000,0.000000,0.000000,0.679249
0,0.010024,0.003122,0.000000,0.000000,0.000000,0.683140
1,0.004172,0.003245,0.000000,0.000000,0.000000,0.674399
0,0.001743,0.000000,0.000000,0.000000,0.000000,0.766252
0,0.004544,0.000000,0.000000,0.000000,0.000000,0.710249
0,0.000069,0.000000,0.000000,0.017187,0.000000,0.641635
0,0.000000,0.017944,0.000000,0.014680,0.000000,0.694992
1,0.006472,0.015048,0.000000,0.000000,0.000000,0.800746
0,0.004715,0.000000,0.000000,0.000000,0.000000,0.741249
1,0.009268,0.000041,0.000000,0.008919,0.000000,0.798624
1,0.002170,0.007165,0.000000,0.008818,0.000000,0.702195
1,0.001308,0.000000,0.000000,0.008413,0.000000,0.667164
